7,0,2,2,8,3,0,1,0,2,1,3,1,5,3,0,0,5,4,31,1,0,0,1,1,4,0,6,3,5,4,3,5,5,2,2,4,3,5,2,1,1,3,1,3,0,0,1
3,3,2,1,2,3,5,7,1,2,2,2,2,0,0,4,1,2,3,27,1,0,0,0,5,0,0,1,7,2,4,4,1,3,5,2,3,3,3,1,5,4,3,2,3,1,1,1
7,3,1,2,6,2,5,7,1,1,2,2,0,0,0,4,3,5,3,50,2,0,3,0,5,9,3,6,5,1,4,4,5,5,4,2,5,5,1,2,5,4,3,4,3,0,0,1
4,4,0,3,9,3,0,2,1,3,2,3,2,5,3,1,4,5,2,31,0,0,4,0,0,1,7,0,8,0,8,9,0,5,0,3,5,5,4,2,0,0,3,3,3,0,0,0
2,1,2,1,0,2,1,4,1,1,3,1,1,2,1,2,1,1,2,15,1,2,2,1,3,6,3,5,4,3,7,4,4,3,3,1,1,3,4,2,4,2,3,2,3,0,0,4
0,3,0,1,10,0,0,0,1,1,0,5,1,5,5,0,4,1,3,1,3,1,0,3,2,4,8,2,4,0,7,4,2,5,2,2,3,5,4,4,3,1,3,3,3,0,0,3
3,2,2,1,6,4,6,7,1,3,1,5,2,0,0,4,4,3,2,58,3,2,1,0,5,6,5,5,4,0,3,3,4,4,3,4,0,5,4,0,6,2,3,2,3,1,2,3
5,3,1,3,6,2,4,7,1,2,3,2,1,0,0,4,4,5,1,31,1,1,3,0,5,4,1,4,8,2,8,9,4,5,3,2,4,6,4,3,7,3,3,5,1,0,0,1
7,0,2,2,5,3,3,6,1,1,2,1,1,0,0,4,2,5,4,39,5,1,0,0,4,5,1,6,7,0,8,8,6,5,5,4,4,3,3,0,2,4,2,2,3,2,5,2
2,1,1,0,5,2,1,2,1,1,0,4,2,4,4,1,1,0,3,11,1,0,0,5,6,3,6,2,3,0,8,4,2,3,6,3,5,4,3,0,3,7,3,1,3,1,2,0
7,0,0,1,0,3,7,8,1,3,3,2,1,0,0,5,2,5,3,16,1,1,4,0,6,7,7,5,6,2,8,7,5,7,3,5,4,5,2,0,7,2,3,4,3,2,5,1
6,2,1,2,8,1,3,4,1,3,1,5,3,3,3,3,2,5,3,43,2,0,2,0,2,5,3,4,5,0,8,6,4,5,2,2,5,4,1,0,6,1,3,1,3,0,1,0
1,1,1,1,3,1,0,2,1,2,2,3,1,4,3,1,2,4,3,55,3,0,1,2,2,1,4,1,0,0,8,1,0,5,3,3,1,1,2,0,6,1,3,4,3,2,4,3
2,2,0,1,10,0,0,0,1,1,0,5,1,6,5,0,2,1,1,30,1,2,1,5,3,5,0,6,3,0,8,4,5,2,5,2,4,3,3,1,5,4,3,1,3,1,1,1
8,4,1,3,0,1,2,7,1,2,5,1,2,0,0,4,3,6,3,28,4,2,0,0,5,9,4,6,2,0,8,3,5,4,5,3,5,5,4,1,4,6,3,2,3,0,0,0
6,2,0,2,7,1,1,3,1,3,1,5,2,4,4,2,1,5,3,46,4,2,0,4,5,1,1,1,7,1,5,5,1,3,4,2,5,5,4,2,1,4,3,3,3,0,0,0
6,1,0,1,1,2,3,6,1,3,2,4,2,0,0,4,3,4,3,25,2,1,4,0,4,3,4,2,2,0,8,3,1,3,5,2,0,4,2,1,4,5,3,1,3,0,1,5
4,4,0,3,10,0,2,4,1,2,1,5,1,1,1,2,1,3,3,34,4,2,0,1,4,1,3,1,2,2,8,3,0,0,4,2,4,5,2,4,5,4,3,1,3,0,0,2
4,4,1,1,9,0,1,1,1,1,0,5,1,5,5,1,4,3,0,65,5,2,5,5,5,4,0,6,4,0,8,5,5,4,1,0,0,7,2,4,0,1,3,6,0,0,0,2
3,4,0,2,9,2,4,5,1,3,1,5,3,2,2,3,0,3,4,44,2,1,2,1,5,9,1,6,4,2,8,5,5,5,3,3,5,5,3,3,3,2,3,2,3,0,1,0
3,2,2,1,6,3,0,1,1,1,1,2,1,4,2,0,2,3,1,15,1,1,4,1,1,3,2,3,5,0,8,6,3,4,0,1,1,4,3,3,0,0,3,3,2,0,0,3
2,4,1,0,7,4,2,2,1,2,0,5,2,4,4,1,3,2,3,25,3,2,0,4,5,4,4,3,4,0,8,5,3,3,3,2,5,7,2,4,6,4,3,4,0,0,0,0
2,0,0,0,4,1,0,1,1,1,0,5,1,4,4,1,4,2,1,58,3,1,0,1,1,9,3,6,3,0,5,3,5,4,2,2,5,3,4,1,4,1,3,3,3,0,1,1
2,0,2,0,9,3,1,0,1,2,0,4,1,6,4,0,4,2,3,7,3,1,0,4,2,5,3,4,6,0,8,7,4,4,2,2,4,3,1,2,1,1,3,2,3,1,2,1
4,1,0,2,1,0,0,4,1,2,3,3,2,2,2,3,1,3,4,61,2,2,0,2,5,8,8,5,5,3,5,4,4,5,3,4,4,6,2,2,0,3,3,4,3,0,1,3
5,2,0,2,10,4,5,6,1,2,0,5,2,0,0,4,0,4,4,24,2,2,0,0,4,7,7,5,0,3,4,0,3,3,5,3,2,5,6,2,1,6,3,2,3,0,0,3
0,3,1,1,2,4,1,4,1,2,2,3,2,3,3,3,3,0,1,54,2,2,4,3,6,9,5,6,7,0,8,8,6,4,3,2,3,7,4,4,7,5,3,4,0,0,0,1
2,1,2,0,9,1,0,0,1,1,0,5,1,5,5,0,1,1,3,46,5,1,5,2,1,2,8,0,8,1,6,7,0,4,1,4,2,5,5,1,6,1,3,3,3,1,2,3
7,4,1,3,5,3,7,8,1,2,3,1,1,0,0,5,3,5,4,9,1,2,5,0,6,3,3,3,4,0,8,5,3,4,4,5,0,4,4,0,7,3,3,2,3,2,4,3
3,3,1,1,2,1,2,4,1,2,2,3,2,2,2,3,0,2,4,65,5,0,6,0,2,1,0,2,8,5,5,6,2,4,3,3,3,4,2,0,5,2,3,1,3,1,3,3
8,4,1,2,10,2,5,6,1,2,0,5,2,1,1,4,3,6,3,10,3,0,0,2,7,3,3,3,4,0,7,4,2,5,3,3,5,7,2,4,1,4,3,5,1,0,0,0
7,1,0,3,7,2,5,8,1,2,2,3,2,0,0,5,4,6,2,11,1,0,4,0,7,6,4,5,3,1,8,4,4,3,2,3,4,7,3,4,7,2,3,4,1,0,0,2
6,3,2,1,10,2,6,6,1,3,0,6,3,1,1,4,2,5,3,58,3,1,0,1,6,1,2,1,5,0,5,4,1,4,4,4,2,5,3,0,3,4,3,4,3,1,3,3
4,2,2,2,7,0,1,3,1,2,1,5,1,3,4,2,3,4,3,10,3,1,0,4,6,7,7,5,4,1,6,4,4,5,5,3,1,4,3,0,6,5,3,2,3,1,2,4
1,4,0,2,10,2,4,5,1,2,0,5,1,1,1,3,3,3,4,13,4,1,1,1,5,5,0,6,6,1,8,7,6,3,4,4,5,6,4,1,4,5,3,3,3,0,0,1
8,0,1,1,4,2,4,6,1,2,1,4,1,0,0,4,2,6,3,24,4,1,0,0,4,5,4,4,1,2,5,1,2,2,5,4,2,5,6,1,4,6,3,0,3,1,1,2
6,1,2,2,10,1,3,4,1,3,0,6,2,3,3,3,1,6,4,21,2,0,2,2,4,2,0,3,4,2,8,5,3,8,3,6,0,4,2,0,2,2,3,2,3,1,1,5
3,3,2,1,1,3,7,8,1,2,2,2,0,0,0,5,1,2,4,31,1,1,2,0,6,4,4,3,1,1,8,2,2,5,5,4,1,6,4,2,0,7,3,2,3,0,0,5
2,0,1,1,5,3,1,2,1,1,1,2,1,4,2,1,4,1,0,39,6,0,1,0,0,4,7,2,6,1,8,7,2,6,0,1,0,5,3,4,3,0,3,3,1,0,0,4
5,0,2,2,7,1,1,3,1,2,1,4,1,3,3,2,2,4,4,37,3,1,6,0,1,6,5,5,0,2,8,1,3,4,3,3,5,5,3,2,6,2,3,2,3,0,1,0
8,0,0,2,4,0,1,4,1,1,2,3,1,1,1,2,2,5,3,49,1,2,0,1,3,0,5,0,3,1,5,3,0,4,4,3,4,6,4,4,5,5,3,1,2,0,0,1
6,0,2,3,2,2,7,8,1,3,4,2,1,0,0,5,1,5,3,31,1,0,0,0,7,7,1,6,6,0,5,5,5,5,3,3,2,6,4,3,3,3,3,4,2,0,0,3
0,4,0,0,10,0,0,0,1,1,0,5,0,4,4,0,0,0,2,21,2,0,0,5,4,2,7,1,6,6,4,4,1,7,1,4,0,8,3,4,2,2,3,4,0,0,0,4
7,3,2,3,8,2,4,7,1,3,2,4,2,0,0,4,0,6,4,53,2,1,6,0,5,3,3,3,0,1,8,1,2,3,5,3,1,7,3,4,2,8,3,1,1,0,0,5
8,3,2,1,2,4,5,7,1,2,2,3,1,0,0,4,1,6,3,18,3,2,0,0,5,1,8,0,7,1,8,8,0,5,4,2,5,6,3,4,7,5,3,4,1,0,0,0
3,2,2,2,10,0,0,1,1,2,0,6,1,5,5,1,2,3,2,12,4,0,0,3,3,7,0,6,0,1,8,1,4,4,1,3,5,8,3,4,3,2,3,3,0,0,0,1
6,2,1,2,2,4,7,8,1,3,3,3,3,0,0,5,0,5,4,51,2,1,0,0,6,7,5,6,7,4,7,7,6,4,4,3,4,6,4,3,4,5,3,3,2,0,0,2
7,0,1,2,1,1,2,6,1,1,3,2,1,0,0,4,3,6,3,20,1,2,1,0,4,5,8,3,5,0,8,6,3,3,5,5,5,4,2,0,3,5,3,1,3,2,4,1
1,3,0,3,2,1,3,7,1,2,4,1,1,0,0,4,3,4,2,12,4,1,0,0,5,3,4,2,2,0,8,3,1,4,2,2,3,7,3,4,7,3,3,3,0,0,0,2
3,0,2,1,6,3,0,1,1,2,1,3,1,4,3,0,1,2,1,46,4,1,5,0,0,9,4,6,4,2,8,5,5,4,1,1,5,4,5,3,7,0,3,2,2,0,0,0
0,0,2,1,4,0,0,2,1,1,1,4,1,4,4,1,2,0,1,10,2,2,4,4,4,0,4,0,7,0,8,8,0,4,2,1,2,5,3,4,3,2,3,3,1,0,0,2
7,2,2,2,10,3,3,4,1,2,0,4,1,1,1,2,4,6,3,10,2,1,3,0,2,9,3,6,2,3,5,2,4,5,3,4,1,4,3,0,4,2,3,1,3,1,4,2
1,2,0,1,3,3,1,3,1,2,2,2,2,3,2,2,3,2,3,0,2,0,4,0,1,3,7,2,8,1,8,8,2,3,0,2,1,4,2,1,5,0,3,2,3,0,1,3
2,2,1,1,2,2,1,4,1,1,2,2,1,1,1,2,2,1,2,9,1,1,0,1,3,8,8,5,8,0,6,7,5,4,2,2,1,6,4,4,1,2,3,1,1,0,0,2
8,1,2,2,6,1,4,6,1,1,2,3,1,0,0,4,3,5,3,20,1,0,0,0,4,8,8,5,8,0,8,8,5,3,4,5,4,7,2,2,3,6,3,1,3,0,1,1
2,1,0,1,9,0,0,0,1,1,0,5,1,6,5,0,3,2,2,9,1,0,1,0,0,1,7,0,1,3,8,2,0,4,0,3,5,6,4,3,2,0,3,2,2,0,0,0
2,1,1,0,7,4,2,2,1,2,0,5,2,5,5,2,3,1,3,41,4,1,2,4,5,7,3,6,6,1,7,6,6,4,7,2,5,4,3,1,7,8,3,1,3,0,0,0
4,1,0,2,9,1,3,4,1,2,1,4,2,2,2,3,4,5,3,45,2,0,6,0,2,6,4,5,4,2,5,4,4,5,2,5,1,2,2,0,5,1,3,3,3,2,2,3
7,3,2,1,3,0,1,3,1,1,2,3,1,3,3,2,0,6,4,52,4,1,0,3,5,3,7,2,0,7,4,0,0,4,1,4,2,7,4,3,3,2,3,3,2,0,0,2
2,1,2,1,7,0,0,1,1,1,0,5,1,4,4,1,2,1,4,15,1,1,3,3,2,8,2,6,8,0,6,7,6,4,3,6,4,4,3,0,0,2,3,1,3,1,2,1
6,0,1,2,2,3,7,8,1,3,3,2,3,0,0,5,4,6,3,23,4,1,0,0,6,2,5,1,3,0,7,4,1,5,3,1,5,7,5,4,6,4,3,3,0,0,0,0
0,0,1,1,9,1,1,1,1,2,0,5,3,7,5,1,1,0,1,31,1,0,0,9,8,8,1,6,4,4,8,5,5,5,3,1,4,6,4,4,1,3,3,6,0,0,0,2
7,2,0,4,5,4,5,8,1,2,4,1,2,0,0,5,0,6,3,13,5,1,0,0,6,6,4,5,5,3,7,5,5,4,4,4,3,5,5,0,7,4,3,3,3,1,2,2
1,1,1,2,2,2,3,6,1,2,3,2,1,0,0,4,3,3,1,17,2,2,4,0,4,6,8,3,8,4,6,7,3,6,1,2,0,6,2,4,7,1,3,4,1,0,0,3
1,0,1,2,1,1,4,8,1,1,3,2,1,0,0,5,4,3,3,52,3,2,1,0,6,0,3,0,3,0,3,2,0,4,3,3,4,6,4,3,3,3,3,4,2,0,0,1
6,3,2,2,6,2,7,8,1,2,2,3,2,0,0,5,2,4,1,17,2,2,4,0,7,4,3,4,0,0,7,1,2,5,3,2,1,7,2,4,7,5,3,4,0,0,0,2
7,0,1,2,4,4,2,5,1,2,2,3,1,0,0,3,4,6,3,49,1,2,0,0,3,4,5,3,4,0,2,2,2,5,4,3,2,5,4,2,0,4,3,3,3,0,0,3
8,0,0,4,2,2,3,8,1,2,5,0,1,0,0,5,4,5,1,40,3,0,3,0,7,6,0,6,4,1,4,3,5,4,2,2,4,7,4,4,7,3,3,6,0,0,0,2
5,0,0,3,6,4,4,7,1,2,3,2,1,0,0,4,2,4,3,64,3,1,0,0,5,0,4,0,1,1,8,2,0,3,4,5,3,6,5,0,5,5,3,2,3,1,2,4
5,0,0,2,8,0,2,4,1,2,1,5,1,1,1,2,4,6,3,23,5,0,1,1,3,8,2,6,1,0,8,2,4,4,3,2,2,5,5,4,6,2,3,3,2,0,0,3
6,2,0,1,8,3,0,1,1,1,0,3,1,5,3,0,0,4,5,2,2,1,0,2,1,3,3,3,6,0,8,7,3,1,5,3,5,1,2,0,2,2,3,1,3,2,4,1
8,4,0,2,0,1,3,7,1,2,4,1,2,0,0,4,4,5,3,10,3,2,3,0,5,8,0,6,4,0,8,5,5,5,3,4,1,5,2,0,7,2,3,4,3,1,3,3
5,0,1,2,6,2,1,3,1,2,2,3,2,4,3,2,4,5,1,5,1,0,0,3,4,4,1,4,0,1,7,1,2,4,3,1,5,5,4,4,3,2,3,3,1,0,0,0
6,0,2,1,1,2,1,4,1,3,2,4,3,3,3,3,3,4,3,60,2,0,0,2,4,4,6,3,6,0,8,7,3,3,4,5,0,6,3,0,6,5,3,3,3,1,2,4
0,3,2,1,5,0,0,2,1,2,1,5,1,4,4,1,4,0,0,50,2,2,1,4,5,0,0,1,7,0,7,7,1,6,0,0,3,6,1,4,0,0,3,6,0,0,0,1
8,3,2,1,0,2,1,4,1,2,3,2,1,2,2,3,2,6,4,50,2,2,0,2,5,9,7,6,4,5,4,3,5,6,4,4,5,6,1,1,2,5,3,3,3,1,1,0
3,3,1,1,0,1,1,4,1,3,3,3,2,2,2,3,0,2,3,2,2,1,0,3,5,5,4,4,5,7,3,3,3,2,7,2,5,4,2,2,5,8,3,1,3,0,1,2
2,0,1,1,2,3,3,6,1,1,2,1,1,0,0,4,1,1,2,63,3,0,0,0,4,4,1,4,4,2,2,2,3,4,4,4,2,6,4,2,6,5,3,3,3,0,0,2
3,0,1,1,9,3,7,7,1,3,0,5,3,1,1,5,2,3,1,63,2,0,2,0,5,1,5,0,2,0,8,3,0,4,2,1,1,5,6,4,7,1,3,2,0,0,0,4
3,1,1,1,7,4,3,4,1,2,0,5,2,3,3,3,0,1,4,7,3,1,0,3,5,7,6,5,8,5,3,4,4,4,3,5,2,4,0,0,6,2,3,1,3,2,4,2
1,2,2,1,1,4,2,5,1,1,2,3,1,0,0,3,0,1,3,39,4,2,0,0,3,6,8,3,7,5,5,5,3,5,1,3,2,5,3,2,7,1,3,3,3,0,1,3
0,0,2,0,0,2,1,3,1,2,2,3,1,2,2,2,2,1,4,32,2,0,4,0,1,2,1,2,4,0,2,2,1,4,1,3,5,6,3,2,4,1,3,3,3,0,0,0
8,2,2,2,9,2,5,6,1,2,1,4,2,1,1,4,3,6,4,31,1,1,0,1,6,5,2,5,2,2,5,2,4,5,2,6,5,8,3,2,2,4,3,3,3,0,0,0
3,4,0,2,0,4,5,8,1,2,4,1,2,0,0,5,1,2,4,24,4,2,0,0,6,2,5,1,8,4,5,6,1,5,4,3,3,6,6,3,5,5,3,3,2,0,0,4
0,1,0,0,1,3,1,3,1,2,1,3,2,4,3,2,1,1,1,31,2,0,0,4,6,6,7,4,0,2,7,1,2,6,2,4,2,8,4,4,3,4,3,5,0,0,0,2
0,1,1,1,3,2,1,3,1,1,2,2,1,3,2,2,4,1,0,59,2,1,3,1,2,4,1,4,6,0,4,4,3,4,1,1,4,3,5,2,7,0,3,3,3,0,0,1
7,0,0,2,10,2,4,5,1,3,0,6,2,2,2,3,2,5,4,55,2,1,5,0,3,9,2,6,8,1,6,7,6,5,5,4,3,5,1,0,5,6,3,1,3,1,4,3
6,2,1,2,0,2,2,6,1,3,4,2,2,1,1,4,3,4,2,59,2,0,0,1,6,8,8,5,1,0,8,2,4,3,3,3,4,5,4,2,7,2,3,2,3,0,0,3
5,3,2,2,1,4,7,8,1,3,3,3,1,0,0,5,0,6,5,27,2,2,1,0,6,9,0,6,2,5,7,3,5,1,6,4,2,6,2,1,2,8,3,1,3,0,1,4
2,0,0,0,2,2,1,2,1,2,1,4,1,4,4,1,3,1,2,38,2,0,0,6,6,2,4,1,7,2,2,3,1,4,2,2,2,7,4,4,2,3,3,4,0,0,0,2
2,2,1,1,5,3,2,3,1,1,1,2,0,1,1,2,1,1,3,25,2,2,1,1,3,1,4,1,7,3,8,8,1,3,2,2,1,6,2,4,6,2,3,2,1,0,0,4
3,4,1,2,4,2,3,6,1,1,2,2,1,0,0,4,3,3,1,17,1,1,2,0,4,5,0,6,0,0,8,1,4,5,4,1,0,4,2,3,7,3,3,3,3,0,0,5
3,4,1,1,3,4,5,7,1,2,2,3,1,0,0,4,2,4,3,40,3,2,0,0,5,4,1,4,5,0,8,6,4,5,3,2,4,5,5,4,5,2,3,3,2,0,0,2
5,3,2,2,9,4,4,5,1,2,1,4,2,2,2,3,1,6,4,53,3,2,2,2,6,0,6,0,5,0,8,6,0,4,5,4,2,6,4,2,5,7,3,3,3,0,0,3
3,2,2,1,2,4,5,8,1,2,2,3,1,0,0,5,2,2,3,25,3,0,4,0,6,6,6,4,6,1,8,7,4,3,4,5,5,6,2,0,7,5,3,3,3,1,3,0
6,3,2,2,9,2,3,4,1,3,1,5,2,2,2,3,1,5,3,20,1,0,4,0,2,5,4,4,7,0,8,8,4,3,3,4,3,3,2,0,4,2,3,3,3,2,5,1
6,2,2,2,6,3,0,2,1,3,2,3,2,5,3,1,1,6,3,16,3,2,1,3,3,4,1,4,2,0,8,3,3,8,1,4,1,6,2,2,3,1,3,5,3,0,1,4
7,4,1,2,1,1,3,7,1,1,3,2,0,0,0,4,2,6,4,46,4,1,4,0,5,2,0,3,4,3,6,4,2,5,5,4,1,5,6,0,1,6,3,1,3,1,1,3
8,0,2,1,2,1,3,6,1,1,2,3,1,0,0,4,1,4,4,60,3,1,0,0,4,9,4,6,4,0,4,3,5,3,6,1,2,2,3,1,5,6,3,3,3,0,0,3
1,0,0,2,10,0,0,1,1,1,0,5,0,3,3,0,4,4,2,36,3,0,2,1,1,7,5,6,3,0,8,4,5,4,1,4,4,5,2,0,5,1,3,2,3,1,3,1
2,3,2,0,4,3,1,2,1,2,0,4,1,4,4,1,2,2,1,24,3,0,4,0,0,7,3,6,1,0,4,1,4,3,0,1,0,5,6,4,3,0,3,2,0,0,0,5
4,0,0,2,2,3,3,6,1,1,3,0,1,0,0,4,4,5,3,59,2,0,0,0,4,4,4,3,7,0,8,8,3,5,2,3,2,5,3,2,6,2,3,3,3,0,1,3
7,1,2,2,1,1,2,6,1,2,3,2,1,0,0,4,0,6,4,19,3,0,0,1,6,8,6,6,1,6,4,1,4,3,5,4,1,4,5,0,2,5,3,1,3,1,3,3
5,0,1,2,8,3,0,2,1,2,1,3,2,5,3,1,2,5,3,49,1,2,0,3,3,6,5,5,6,0,6,6,5,6,4,4,0,6,4,2,5,5,3,3,3,0,0,4
5,3,1,2,2,3,7,8,1,2,3,1,1,0,0,5,1,5,4,61,2,0,0,1,8,7,4,6,5,2,8,6,6,4,2,4,1,6,3,2,3,2,3,3,3,0,0,4
8,0,1,2,3,0,2,5,1,1,3,2,1,1,1,3,2,5,3,21,2,1,1,1,4,8,1,6,3,0,8,4,5,7,6,2,2,2,2,0,7,6,3,2,3,1,3,4
2,4,0,0,9,2,1,0,1,1,0,4,0,4,4,0,3,2,2,6,2,0,3,2,1,1,1,1,8,0,4,5,1,4,1,2,5,3,4,2,1,0,3,2,3,0,1,0
5,1,0,3,6,2,4,7,1,3,3,3,2,0,0,4,3,6,3,6,2,0,0,0,5,5,2,5,3,2,8,4,4,4,2,4,2,6,4,2,5,2,3,4,3,0,0,3
7,0,0,2,6,4,7,8,1,2,2,3,1,0,0,5,2,6,3,12,3,2,5,0,6,6,8,3,5,0,5,4,2,3,4,3,2,5,3,2,6,4,3,2,3,0,1,3
7,2,1,2,9,3,4,5,1,2,1,3,1,1,1,3,1,6,5,22,2,0,0,0,3,4,5,3,6,2,8,7,3,5,6,3,5,3,4,0,2,7,3,1,3,1,3,1
5,4,2,2,3,4,4,7,1,2,3,2,1,0,0,4,3,6,4,60,3,2,3,0,5,2,1,2,3,0,8,4,2,3,4,6,5,6,3,0,3,5,3,1,3,2,5,0
3,1,1,1,3,3,0,2,1,2,2,2,2,5,2,1,0,1,4,16,2,0,0,3,4,4,2,4,0,5,8,1,2,6,5,3,4,4,2,1,3,5,3,2,3,1,3,2
1,4,2,1,6,2,5,6,1,2,1,4,2,1,1,4,3,2,3,34,4,2,0,1,6,8,6,6,3,0,8,4,5,0,5,4,3,4,3,0,7,5,3,0,3,1,4,2
1,2,2,1,4,3,2,4,1,1,1,2,1,1,1,2,4,2,2,30,1,2,1,1,4,7,4,6,2,0,8,3,5,1,4,2,4,4,3,2,7,3,3,1,3,0,0,2
7,0,1,2,9,4,4,5,1,2,1,4,2,2,2,3,3,5,2,52,3,1,4,0,3,2,5,1,8,0,8,9,1,4,1,4,3,6,5,2,5,1,3,2,3,0,0,2
4,4,0,2,5,0,1,3,1,2,2,4,1,2,2,2,3,5,3,58,3,0,4,0,1,9,5,6,4,0,4,3,5,4,3,3,3,1,4,0,7,1,3,1,3,2,4,3
0,1,0,1,4,0,0,2,1,0,1,3,0,2,2,1,0,2,4,53,1,1,0,3,3,7,8,4,6,3,3,3,3,4,5,4,0,3,4,0,0,4,3,1,3,2,4,4
6,4,0,4,8,3,7,8,1,4,3,2,2,0,0,5,2,5,4,30,1,0,5,0,7,2,3,2,8,0,8,8,2,2,4,3,0,6,3,2,5,5,3,2,3,0,0,3
6,0,0,2,9,0,2,3,1,3,1,6,1,3,3,2,3,6,3,28,4,2,1,3,5,3,0,4,3,0,8,4,3,4,1,4,2,6,4,2,7,1,3,4,3,0,0,3
1,4,1,2,5,0,1,4,1,0,2,2,0,0,0,2,1,2,1,59,2,1,0,0,2,5,0,6,8,4,7,8,6,3,3,1,1,3,4,2,2,2,3,2,3,0,0,3
3,0,1,1,8,0,1,1,1,0,0,4,0,3,3,0,0,1,4,52,3,2,0,3,3,6,6,4,5,2,7,5,4,5,2,5,4,6,4,0,4,2,3,3,3,1,2,2
5,2,2,2,2,0,2,5,1,2,3,3,0,0,0,3,1,4,4,0,1,1,1,0,3,0,6,0,0,4,8,1,0,2,3,5,0,5,1,0,6,2,3,2,3,2,5,5
1,3,0,2,0,3,7,8,1,1,4,0,0,0,0,5,2,3,4,21,2,1,3,0,7,2,1,2,5,0,8,6,2,6,2,6,0,6,2,0,3,2,3,5,3,2,5,3
5,4,1,2,4,2,3,6,1,2,2,3,1,0,0,4,1,5,3,51,2,2,1,0,4,4,4,3,0,4,5,0,1,4,2,5,2,4,4,0,7,1,3,2,3,2,4,3
4,1,1,2,1,4,7,8,1,3,3,3,2,0,0,5,2,5,3,30,1,2,0,0,6,4,5,3,3,1,6,3,2,2,4,4,3,6,3,2,4,5,3,3,3,0,0,3
2,1,1,1,5,3,3,5,1,2,1,3,2,1,1,3,4,2,1,62,2,0,5,0,3,4,8,2,1,0,8,2,1,5,2,2,0,3,4,2,7,1,3,3,3,0,1,3
4,2,2,2,9,1,3,4,1,2,1,4,0,0,0,2,4,5,3,45,2,1,2,0,2,4,7,2,4,0,8,5,2,5,2,2,1,5,3,3,3,1,3,3,3,0,0,3
5,4,2,2,7,4,7,8,1,2,1,4,1,0,0,5,0,5,4,10,3,1,3,0,6,0,2,0,0,5,4,0,0,5,4,4,5,7,4,3,5,7,3,2,2,0,0,1
4,3,0,3,10,0,1,3,1,1,1,4,1,3,3,2,3,4,3,0,0,0,4,0,1,9,0,6,5,0,8,6,6,2,4,5,5,1,3,0,1,2,3,1,3,1,1,0
7,1,1,2,3,2,5,8,1,3,3,3,2,0,0,5,1,6,3,40,3,1,0,0,6,6,4,5,4,1,8,5,5,4,5,3,5,5,5,2,7,6,3,2,3,0,0,0
6,4,2,2,7,3,6,8,1,3,1,4,3,0,0,5,2,5,4,5,2,1,6,0,6,0,0,1,6,0,8,7,1,3,5,4,2,4,4,0,7,5,3,3,3,1,4,2
0,1,0,0,8,1,0,0,1,1,0,5,0,4,4,0,1,0,0,2,2,0,5,0,0,4,8,2,6,3,6,6,2,2,1,0,0,1,2,3,2,0,3,3,3,0,0,3
4,1,2,1,10,3,0,0,1,2,0,4,2,7,4,0,3,5,3,19,2,0,3,1,0,8,5,6,5,0,8,6,6,3,1,3,0,1,5,0,2,0,3,1,3,2,4,4
6,4,0,3,9,2,7,8,1,2,2,3,1,0,0,5,2,5,4,12,4,0,1,0,7,6,4,5,8,3,8,8,5,5,6,4,4,2,4,0,3,6,3,2,3,2,4,1
3,0,1,2,4,0,1,4,1,2,2,4,2,3,3,3,1,3,3,15,0,2,2,3,5,3,3,3,3,1,8,4,2,4,2,4,1,6,3,2,6,2,3,2,3,0,0,5
4,2,1,2,4,1,2,5,1,2,2,3,2,2,2,3,0,4,3,48,2,0,0,2,5,3,0,4,7,6,6,6,4,4,3,3,3,7,4,4,3,5,3,4,1,0,0,3
6,3,0,3,2,4,6,8,1,2,4,1,1,0,0,5,2,4,3,29,3,1,4,0,7,1,5,0,6,2,7,6,0,5,1,6,4,7,4,1,6,2,3,4,3,1,3,2
8,1,0,3,0,4,7,8,1,2,5,1,1,0,0,5,1,5,4,4,2,0,2,0,6,8,2,6,8,3,5,6,6,2,6,4,1,3,4,0,7,7,3,1,3,2,4,3
7,1,2,1,3,2,0,2,1,3,2,4,3,6,4,1,1,5,4,23,6,2,2,4,4,6,8,3,8,4,3,4,2,4,5,3,5,5,5,2,7,6,3,1,3,0,0,0
5,1,0,3,5,2,1,5,1,2,3,2,1,0,0,3,2,3,3,5,1,0,5,0,3,0,2,0,1,0,5,1,0,4,5,3,1,4,4,0,7,5,3,2,3,1,2,3
8,3,2,2,2,2,3,6,1,2,3,2,1,0,0,4,0,6,4,0,1,2,0,0,4,9,6,6,0,3,7,1,4,2,5,4,5,5,2,1,2,6,3,1,3,1,3,1
6,0,0,3,0,3,5,8,1,4,5,1,3,0,0,5,4,6,3,40,3,2,6,0,6,8,6,6,3,2,8,4,5,4,3,3,0,5,5,3,6,2,3,4,3,0,0,3
3,0,2,2,0,0,1,5,1,1,4,1,1,1,1,3,4,3,1,58,4,0,0,0,3,2,0,3,1,2,8,2,2,5,2,1,1,6,4,4,7,2,3,5,0,0,0,3
5,0,0,3,0,4,4,8,1,1,5,0,1,0,0,5,3,2,2,28,4,1,1,0,6,7,0,6,8,0,8,9,6,3,3,2,1,6,3,4,7,3,3,4,1,0,0,2
0,3,0,0,8,3,0,0,1,1,0,3,0,4,3,0,2,0,1,59,2,0,5,0,0,6,3,5,2,1,8,3,4,3,1,1,4,4,3,2,0,0,3,1,2,0,0,1
6,2,1,2,7,0,1,3,1,3,1,6,2,3,3,2,1,4,3,15,1,2,1,3,4,1,5,0,8,1,8,8,0,4,4,4,3,7,3,3,0,7,3,2,2,0,0,3
7,3,1,3,4,3,7,8,1,1,3,0,1,0,0,5,0,6,5,57,1,2,0,0,6,0,0,1,6,7,3,3,1,4,6,4,3,5,2,0,1,8,3,1,3,1,3,2
4,0,0,3,9,1,2,4,1,1,2,3,0,0,0,2,0,4,4,46,4,0,0,1,4,6,4,5,2,2,8,3,4,5,6,1,4,5,5,4,5,8,3,1,1,0,0,1
5,3,1,3,8,2,5,7,1,3,2,4,2,0,0,4,4,5,2,40,2,2,0,0,5,5,6,4,3,0,6,3,3,4,4,3,0,4,5,0,7,3,3,3,3,1,1,3
3,3,2,1,5,1,0,1,1,2,1,4,2,5,4,1,1,2,3,55,3,0,2,2,1,9,1,6,2,3,8,3,5,6,3,2,5,5,2,3,1,2,3,2,3,0,0,0
8,0,1,2,0,2,6,8,1,2,4,1,1,0,0,5,0,5,4,14,2,1,0,0,7,1,2,1,4,4,8,5,1,2,5,6,2,4,2,0,4,5,3,1,3,1,1,3
1,1,1,1,8,3,7,8,1,1,0,3,2,0,0,5,2,2,1,2,2,0,4,0,6,2,5,1,8,2,8,9,1,3,0,2,3,6,2,4,7,0,3,4,1,0,0,2
0,3,0,1,10,4,1,1,1,2,0,5,2,6,5,1,2,1,3,55,4,1,1,5,4,0,1,0,0,0,6,1,0,5,1,3,4,8,1,4,2,2,3,2,0,0,0,1
5,0,0,3,9,4,7,8,1,3,2,4,2,0,0,5,1,4,3,48,3,2,0,0,6,1,7,0,3,0,8,4,0,4,4,6,1,7,4,0,7,7,3,1,3,1,3,3
5,4,1,2,0,0,2,6,1,2,4,2,1,0,0,4,2,6,3,61,3,1,0,0,4,2,5,1,3,2,3,2,0,4,1,3,5,7,3,4,7,2,3,4,1,0,0,0
2,4,1,1,9,1,0,0,1,2,0,5,2,6,5,0,4,3,2,33,2,1,0,5,4,5,2,5,0,0,8,1,3,3,3,1,3,5,4,4,1,2,3,4,1,0,0,3
1,0,0,2,6,3,1,3,1,2,2,2,1,3,2,2,1,3,2,60,3,0,1,1,2,0,4,0,3,3,6,3,0,3,1,2,2,7,3,4,4,2,3,1,0,0,0,2
4,4,1,2,4,1,0,3,1,2,2,3,0,1,1,2,0,4,4,25,1,0,3,0,1,0,7,0,1,1,3,1,0,3,1,4,3,3,2,0,3,0,3,3,3,2,5,4
8,2,2,2,6,2,2,4,1,2,2,3,1,1,1,2,4,5,3,52,3,2,0,1,3,4,4,3,0,0,8,1,2,4,3,2,5,6,5,4,6,3,3,2,1,0,0,0
1,3,2,1,6,2,3,4,1,2,1,4,1,2,2,3,4,3,3,22,4,2,2,2,4,2,6,1,6,0,7,6,1,5,4,3,0,4,5,1,7,3,3,3,3,1,1,3
1,3,0,1,3,0,1,3,1,2,2,4,2,4,4,2,1,3,4,63,3,2,0,4,5,7,8,4,6,3,2,3,3,4,5,2,0,4,5,3,6,5,3,1,3,0,0,4
7,2,2,1,3,3,7,8,1,2,2,2,2,0,0,5,3,6,4,3,2,0,0,0,6,4,3,4,5,0,8,6,4,6,5,5,3,4,2,0,7,5,3,3,3,2,4,2
8,0,1,2,8,0,0,2,1,1,1,4,1,4,4,1,4,6,2,36,3,2,3,4,5,8,0,6,1,0,7,2,4,5,5,2,0,3,2,2,7,4,3,2,3,1,1,3
0,2,0,0,8,1,1,0,1,2,0,5,0,4,4,0,1,1,2,14,1,0,0,0,0,6,8,3,2,3,8,3,2,2,1,1,1,1,3,1,4,0,3,2,3,1,1,3
8,2,0,3,4,4,6,8,1,2,3,2,1,0,0,5,4,5,3,9,1,0,2,0,7,3,8,1,2,0,8,3,1,4,4,3,1,6,4,4,5,5,3,4,2,0,0,4
7,2,2,2,8,1,4,5,1,2,1,4,2,1,1,3,0,6,5,62,2,1,0,1,4,7,4,6,7,1,8,8,6,4,7,2,5,3,3,0,2,8,3,0,3,1,1,1
1,1,0,2,9,0,1,2,1,2,1,5,1,3,3,1,4,3,0,22,2,1,0,2,3,2,6,1,6,0,7,6,1,5,1,2,4,6,4,4,3,1,3,2,1,0,0,0
1,2,1,1,8,2,3,3,1,1,0,4,1,2,2,2,0,3,5,33,2,1,0,2,3,9,6,6,7,3,8,8,6,4,7,1,2,1,4,0,3,7,3,2,3,1,1,3
1,1,2,1,9,0,1,1,1,2,0,6,1,5,5,1,4,1,1,38,1,1,0,5,4,2,4,1,6,0,5,5,1,3,2,2,3,4,4,2,1,1,3,2,3,0,0,0
3,1,1,1,1,4,4,7,1,2,2,3,2,0,0,4,4,3,1,15,1,0,3,0,5,5,4,4,5,0,8,6,4,3,3,2,4,6,3,4,7,3,3,4,1,0,0,0
6,1,0,3,6,4,5,8,1,2,3,2,1,0,0,5,3,4,3,50,2,2,1,0,7,2,4,1,1,0,5,1,0,6,3,6,4,7,2,0,6,5,3,3,3,1,4,1
5,0,1,2,7,2,5,7,1,3,1,5,2,0,0,4,3,6,2,54,2,1,2,0,5,7,4,6,7,2,8,8,6,4,2,3,2,6,4,3,6,2,3,1,2,0,0,3
3,4,0,1,5,0,0,2,1,1,1,4,2,4,4,1,0,2,3,43,2,2,0,4,5,5,4,4,0,0,5,0,2,5,3,6,3,7,2,0,7,5,3,2,3,1,4,2
7,3,1,2,10,4,3,4,1,2,0,5,1,1,1,2,1,6,3,65,3,1,4,0,2,5,8,3,1,4,8,2,2,5,4,2,2,3,4,0,6,2,3,1,3,0,1,3
8,2,2,1,2,3,3,5,1,2,2,2,2,2,2,3,2,5,2,47,3,1,1,3,7,2,6,1,2,3,6,3,1,4,1,2,4,7,6,4,6,1,3,5,0,0,0,3
3,4,0,2,9,2,3,4,1,1,1,3,1,2,2,3,2,3,3,62,1,2,0,2,5,8,2,6,4,1,4,3,5,4,5,2,3,3,3,2,4,4,3,1,3,1,1,3
3,1,0,3,8,3,5,8,1,2,2,2,2,0,0,5,2,3,4,20,2,0,4,0,6,5,7,3,2,0,8,3,2,4,6,4,4,5,2,0,6,8,3,3,3,1,3,2
8,1,1,2,2,0,1,5,1,1,3,2,1,1,1,3,4,5,1,48,2,0,3,0,3,4,5,3,6,0,5,5,3,4,3,1,2,5,4,4,4,2,3,3,1,0,0,3
5,0,0,2,7,1,2,4,1,2,1,4,2,3,3,3,0,6,5,25,2,1,0,3,6,3,6,2,5,1,8,6,2,4,7,4,4,3,2,0,5,8,3,1,3,2,5,3
6,0,2,1,0,2,3,6,1,2,3,2,1,0,0,4,3,4,3,50,2,0,1,0,4,2,6,1,8,2,4,5,1,6,3,2,4,6,1,4,0,3,3,3,1,0,0,1
6,2,0,2,9,3,6,7,1,3,1,4,2,0,0,4,1,5,3,12,4,1,5,0,5,8,2,6,0,2,5,0,3,4,2,2,3,7,3,4,7,2,3,6,0,0,0,3
1,4,0,1,10,1,2,2,1,2,0,5,2,5,5,1,4,3,2,27,2,2,6,5,5,1,8,0,2,1,8,3,0,2,3,3,2,6,2,3,3,3,3,3,3,0,0,2
1,2,2,1,5,0,1,3,1,2,1,5,1,3,3,2,1,3,4,41,4,0,0,4,6,0,4,0,8,2,3,4,0,3,2,3,2,6,4,3,5,2,3,3,2,0,0,3
5,0,2,2,8,2,5,6,1,3,1,5,3,2,2,4,1,6,4,36,3,1,0,1,6,5,3,4,4,3,7,4,3,4,5,4,1,5,2,0,7,6,3,2,3,1,3,4
8,0,2,3,9,1,1,3,1,1,2,3,1,2,2,2,4,6,3,49,1,1,3,0,1,4,2,4,3,0,4,3,3,5,3,2,2,3,4,1,6,2,3,2,3,0,1,3
7,3,0,3,8,1,2,4,1,2,2,3,1,2,2,3,1,5,5,65,4,0,0,3,5,3,0,4,0,3,8,1,2,5,3,6,5,6,3,0,2,3,3,4,3,2,5,1
3,4,0,2,1,4,7,8,1,2,3,2,1,0,0,5,0,4,3,66,3,1,0,0,7,0,0,1,5,0,8,6,1,1,6,4,1,5,5,1,4,8,3,1,3,1,2,3
3,0,1,1,2,4,7,8,1,2,2,3,2,0,0,5,2,4,1,46,3,0,1,0,6,8,8,5,8,2,8,8,5,4,6,0,4,4,5,4,7,7,3,3,0,0,0,1
0,0,1,1,10,1,1,1,1,1,0,5,1,4,4,1,4,0,1,23,4,0,4,0,0,1,4,1,3,3,7,4,1,3,2,1,5,2,5,2,3,1,3,3,3,0,0,0
1,0,2,2,6,3,5,7,1,1,2,1,1,0,0,4,2,3,3,59,2,0,3,0,5,3,0,4,6,0,4,4,3,4,4,3,1,4,4,0,3,3,3,3,3,1,2,3
2,0,1,1,3,4,2,4,1,0,2,2,0,0,0,2,1,3,3,12,4,2,0,0,2,0,2,0,8,3,7,7,0,4,1,3,4,5,4,2,0,1,3,3,3,0,0,0
8,3,1,2,7,2,6,8,1,2,1,4,1,0,0,5,0,4,4,5,2,2,0,0,7,1,3,1,8,4,5,6,1,3,6,3,4,5,5,2,4,8,3,2,3,0,0,0
6,3,1,2,6,1,4,6,1,2,2,3,2,0,0,4,3,6,3,60,2,0,0,0,4,0,4,0,1,0,2,0,0,2,5,4,3,4,2,0,6,5,3,3,3,2,5,2
6,2,2,2,10,1,2,3,1,3,0,6,2,3,3,2,3,5,3,64,3,0,3,0,1,5,5,4,4,0,8,5,4,4,3,5,5,4,4,0,5,2,3,1,3,2,4,0
3,4,2,1,0,3,4,7,1,2,3,1,1,0,0,4,0,3,1,36,3,0,0,0,5,1,3,1,4,2,8,5,1,4,3,3,1,5,2,2,7,2,3,1,3,0,1,3
2,1,2,0,10,4,2,1,1,1,0,5,1,5,5,1,1,2,2,24,3,1,0,5,4,4,1,4,0,3,7,1,2,2,4,3,5,4,6,0,7,3,3,2,3,1,1,2
8,1,2,1,8,4,0,1,1,2,0,5,2,6,5,1,2,4,2,42,4,2,1,5,4,3,1,3,1,0,8,2,2,5,2,3,0,4,3,0,6,1,3,2,3,1,2,4
3,0,2,1,1,1,3,6,1,2,2,3,2,0,0,4,4,2,3,52,3,2,1,0,4,3,7,2,8,2,5,6,2,4,3,3,0,5,3,1,3,2,3,2,3,0,1,3
2,2,1,0,5,0,0,1,1,3,0,7,2,6,6,1,3,3,3,29,3,1,0,6,6,0,5,0,5,0,8,6,0,5,2,3,5,7,5,4,2,2,3,4,0,0,0,0
3,2,2,1,8,4,7,8,1,3,0,6,2,0,0,5,3,4,3,38,1,1,4,0,7,0,6,0,4,0,8,5,0,4,6,2,2,2,4,0,4,6,3,1,3,1,2,4
0,4,0,1,6,3,2,3,1,1,1,2,1,2,2,2,3,1,0,36,3,1,0,2,4,8,5,6,8,0,5,6,6,5,2,1,5,7,1,4,2,2,3,5,0,0,0,0
7,1,2,3,9,2,3,5,1,3,2,4,3,3,3,3,1,5,5,53,2,2,3,3,7,3,7,2,5,4,3,3,1,3,5,4,5,5,4,0,3,6,3,2,3,1,2,2
0,4,2,1,4,1,0,2,1,3,1,5,3,5,5,1,0,1,3,10,3,1,1,3,3,1,6,0,2,5,8,3,0,5,2,3,1,3,3,0,5,1,3,2,3,1,3,1
3,3,2,1,7,3,7,8,1,2,0,4,1,0,0,5,2,3,4,13,5,2,1,0,6,5,0,6,2,0,8,3,5,3,6,3,4,2,5,0,7,6,3,1,3,1,3,1
0,1,0,1,0,3,1,4,1,2,3,1,1,1,1,2,0,0,2,38,1,1,3,0,2,1,2,1,7,4,7,7,1,4,4,2,2,4,4,2,2,3,3,2,3,0,0,3
6,0,1,2,0,0,0,4,1,2,4,2,1,1,1,2,0,5,4,28,4,1,0,2,5,1,4,1,0,7,3,0,0,4,5,4,0,4,5,0,7,5,3,2,3,1,3,4
4,0,2,2,1,1,4,8,1,1,3,2,1,0,0,5,3,4,3,9,0,1,2,0,7,6,1,6,1,0,8,2,4,3,7,3,1,2,4,0,5,8,3,3,3,1,4,2
5,2,1,3,1,2,7,8,1,3,4,2,2,0,0,5,3,6,3,56,2,1,0,0,7,6,3,5,7,0,8,8,5,4,2,3,4,5,4,3,4,2,3,4,3,0,0,0
7,2,1,3,6,3,7,8,1,3,3,2,2,0,0,5,0,5,4,3,1,0,0,0,7,5,6,4,3,6,3,2,3,5,4,3,3,6,3,3,3,5,3,3,3,0,0,3
6,4,1,2,6,3,5,7,1,3,2,3,2,0,0,4,2,5,1,61,2,1,2,0,5,4,3,4,3,3,8,4,3,5,2,1,5,6,3,4,7,2,3,5,0,0,0,1
5,1,2,1,5,4,7,8,1,2,1,4,1,0,0,5,3,4,2,30,0,0,2,0,7,6,8,3,0,0,8,1,2,2,3,4,0,6,3,2,4,3,3,3,3,0,0,4
7,3,0,3,10,1,4,6,1,2,1,4,1,0,0,4,1,6,4,36,3,0,2,0,4,3,7,2,0,1,8,1,1,4,5,3,3,2,2,0,5,3,3,2,3,2,5,3
8,0,2,2,10,3,7,8,1,2,0,4,2,0,0,5,2,5,4,8,1,0,0,0,7,4,5,3,0,0,6,1,2,5,4,4,3,5,2,0,3,4,3,4,3,1,3,2
3,1,1,1,8,4,3,3,1,3,0,6,2,3,3,2,4,2,3,35,4,0,0,0,1,7,8,4,6,0,8,7,4,4,2,4,1,2,4,0,5,1,3,2,3,2,4,4
1,2,2,2,3,1,3,6,1,2,3,2,1,0,0,4,1,3,2,15,1,0,2,0,4,2,8,0,8,1,8,8,0,4,1,4,2,5,3,0,7,1,3,4,3,1,3,3
5,2,1,2,5,1,3,5,1,2,2,3,2,2,2,3,0,4,4,32,2,0,0,2,5,6,4,5,4,4,8,5,5,4,5,3,2,4,4,0,0,5,3,3,3,1,2,3
5,1,2,1,4,0,2,4,1,3,1,6,2,3,3,3,1,5,3,52,3,2,0,3,6,0,5,0,6,1,8,7,0,4,4,4,3,5,5,0,3,4,3,2,3,1,2,2
7,3,2,1,4,2,5,7,1,1,1,3,1,0,0,4,1,6,4,32,2,2,0,0,5,1,0,2,8,3,8,9,2,4,1,3,3,5,4,2,1,1,3,3,3,0,0,2
3,3,2,2,4,2,3,6,1,2,2,3,2,0,0,4,3,3,2,14,1,1,0,0,4,2,3,2,8,0,4,5,2,3,3,1,4,5,2,4,6,2,3,2,1,0,0,1
8,4,0,3,6,0,1,4,1,1,3,2,0,0,0,2,3,5,3,40,3,2,2,0,2,4,6,3,4,0,8,5,3,4,2,4,0,4,6,0,6,1,3,1,3,1,3,4
8,0,0,2,10,3,4,5,1,2,0,4,2,2,2,3,2,5,3,59,3,2,0,2,6,3,1,3,7,0,8,8,3,5,2,3,3,6,4,4,5,2,3,3,2,0,0,2
6,2,2,2,5,3,5,7,1,3,2,3,2,0,0,4,4,6,2,35,4,1,6,0,5,2,6,1,8,1,6,7,1,4,4,2,3,4,5,2,7,3,3,3,3,0,0,2
7,3,0,3,7,0,1,4,1,2,2,4,2,3,3,3,2,5,4,55,4,0,0,3,5,0,2,0,7,1,8,7,0,5,3,5,3,5,1,0,7,2,3,5,3,2,5,3
4,1,1,2,6,0,1,3,1,1,2,3,1,2,2,2,3,6,4,66,1,0,2,3,4,8,7,5,6,0,5,5,5,2,6,6,3,1,0,0,5,5,3,0,3,1,0,2
0,1,1,0,8,2,1,0,1,1,0,4,1,6,4,0,0,1,1,11,1,2,0,4,3,1,8,0,8,1,4,5,0,3,0,2,5,8,3,4,0,1,3,2,0,0,0,0
3,1,1,2,10,3,4,5,1,2,0,4,1,1,1,3,1,2,3,41,2,1,0,3,6,0,5,0,0,1,3,0,0,4,2,4,5,7,4,4,2,2,3,4,2,0,0,0
0,4,2,1,8,4,2,2,1,2,0,5,1,4,4,1,2,1,3,51,2,2,2,4,5,8,7,5,7,0,8,7,5,3,4,4,0,6,4,3,4,5,3,3,3,0,0,4
2,1,1,1,3,0,0,2,1,2,2,4,2,4,4,1,4,1,2,26,2,0,0,4,4,0,6,0,8,0,8,8,0,4,4,5,4,5,2,0,6,4,3,1,3,2,5,2
1,4,0,2,3,4,2,5,1,1,3,2,1,0,0,3,4,2,3,58,3,2,4,0,3,6,4,5,4,2,8,5,5,5,3,3,5,7,3,4,7,5,3,2,1,0,0,1
4,4,1,2,1,1,3,7,1,3,3,3,2,0,0,4,4,5,2,17,2,0,2,0,5,0,2,0,4,0,8,5,0,5,3,3,2,6,3,3,3,3,3,2,3,0,0,2
0,2,0,0,2,1,1,2,1,1,1,4,1,3,3,1,3,0,2,47,3,0,3,2,3,3,1,3,5,2,8,6,3,4,2,3,3,5,5,2,6,1,3,2,3,0,0,3
4,3,1,2,7,3,7,8,1,3,1,4,2,0,0,5,4,4,3,37,3,1,0,0,6,6,0,6,7,0,3,4,5,5,5,3,4,6,4,3,4,7,3,3,2,0,0,2
7,3,0,2,10,0,2,3,1,1,0,5,1,3,3,2,2,6,3,35,4,1,0,4,6,5,8,3,5,5,4,4,2,4,5,2,5,7,4,4,4,8,3,4,0,0,0,0
6,2,1,1,2,1,3,5,1,3,2,4,2,2,2,3,3,6,3,52,3,2,0,2,5,8,1,6,1,0,8,2,4,4,4,2,3,6,5,4,1,5,3,2,1,0,0,3
7,1,1,2,9,2,1,2,1,2,1,4,1,4,4,1,1,5,2,4,2,0,0,6,7,9,4,6,1,1,5,1,4,2,5,3,3,5,3,1,0,6,3,2,3,0,1,1
0,1,2,0,10,4,1,0,1,1,0,5,0,4,4,0,3,0,0,28,3,2,0,4,2,1,3,1,7,0,3,4,1,4,3,1,3,4,5,3,1,2,3,3,2,0,0,2
6,1,1,2,7,4,7,8,1,3,1,5,1,0,0,5,4,6,3,60,3,0,1,0,7,7,8,4,8,1,8,9,4,3,4,4,0,4,2,0,6,3,3,2,3,2,5,3
4,3,0,3,9,0,0,2,1,2,2,4,1,4,4,1,4,3,2,63,3,1,2,3,3,3,6,2,6,3,8,7,2,3,2,2,4,7,6,4,3,2,3,2,0,0,0,2
7,2,2,1,10,4,1,1,1,2,0,5,2,6,5,1,0,5,5,14,1,2,0,5,5,3,1,3,4,7,3,3,2,1,5,5,3,3,2,0,0,4,3,1,3,2,3,3
4,0,0,2,2,1,1,5,1,2,3,2,1,1,1,3,3,4,2,28,4,2,0,1,4,7,7,5,5,2,5,4,4,4,3,3,3,6,4,3,6,3,3,3,2,0,0,2
8,4,2,2,0,4,7,8,1,2,4,1,2,0,0,5,4,6,3,57,1,0,2,0,7,8,1,6,4,0,3,3,5,4,5,4,1,5,1,0,7,6,3,4,3,1,4,4
4,2,2,2,3,0,1,4,1,1,3,2,1,2,2,3,0,4,5,66,8,1,2,1,4,2,7,1,1,5,5,1,0,0,6,3,5,5,3,1,7,8,3,1,3,0,1,0
5,3,0,2,5,3,5,7,1,2,2,2,2,0,0,4,1,4,4,17,3,0,0,0,5,7,8,4,0,4,8,1,2,6,5,4,0,5,2,0,5,6,3,2,3,1,3,4
0,2,0,1,1,2,1,4,1,2,2,3,2,2,2,3,2,1,2,38,1,1,0,2,4,7,1,6,6,0,8,7,6,4,5,2,5,6,4,4,2,7,3,2,1,0,0,0
3,2,0,2,7,0,1,3,1,2,1,5,1,2,2,2,4,2,3,5,1,0,0,0,1,9,6,6,3,0,5,3,5,5,1,3,2,2,4,0,6,0,3,4,3,1,4,2
5,0,1,2,5,0,0,2,1,2,2,4,3,6,4,1,3,5,3,8,1,0,1,4,4,3,8,1,4,0,8,5,1,5,5,3,2,5,1,1,6,6,3,3,3,1,1,4
7,4,2,2,0,2,7,8,1,3,4,2,2,0,0,5,3,4,1,55,3,0,0,0,7,5,0,6,6,0,8,7,6,5,2,3,0,7,2,4,7,3,3,5,1,0,0,4
3,3,0,2,0,2,3,7,1,2,4,1,1,0,0,4,1,3,1,24,3,2,0,0,5,7,8,4,1,2,8,2,3,3,1,2,0,6,6,4,7,1,3,4,0,0,0,3
3,0,0,2,6,4,4,6,1,2,2,3,2,0,0,4,4,2,0,20,1,0,2,0,4,6,5,5,6,0,8,7,5,3,3,1,3,6,3,4,7,3,3,2,0,0,0,2
4,3,2,2,3,3,3,6,1,2,3,1,1,0,0,4,1,5,4,46,3,2,2,0,4,9,4,6,7,2,8,8,6,3,5,5,2,5,4,0,5,6,3,2,3,1,4,3
6,3,1,1,4,1,4,6,1,3,1,5,2,1,1,4,3,4,3,59,2,1,0,1,5,9,1,6,7,0,8,8,6,4,3,2,5,8,5,4,2,6,3,5,0,0,0,0
8,3,0,3,7,2,2,5,1,1,2,2,1,0,0,3,3,4,3,5,2,2,0,0,3,8,8,5,0,0,8,1,3,4,4,4,2,5,4,0,6,4,3,1,3,1,2,3
6,2,2,2,2,4,7,8,1,3,3,3,2,0,0,5,2,5,4,28,4,0,2,0,7,1,7,0,3,3,8,4,0,3,2,5,4,7,4,3,6,3,3,3,3,0,0,0
3,0,0,1,2,2,3,5,1,2,2,3,1,1,1,3,1,3,4,42,3,1,0,1,5,3,0,4,5,2,6,5,4,5,5,4,5,3,3,0,5,4,3,1,3,2,5,0
1,1,0,2,7,2,3,5,1,2,1,4,1,0,0,3,3,3,3,46,4,2,0,0,3,8,2,6,8,0,8,9,6,4,5,2,0,2,5,0,3,3,3,3,3,1,1,5
2,3,1,0,2,1,0,2,1,2,1,4,2,4,4,1,3,1,0,19,2,2,6,4,4,5,5,4,3,0,8,4,3,4,2,1,3,5,5,4,6,1,3,2,1,0,0,1
8,2,0,2,4,4,2,5,1,2,2,3,2,2,2,3,1,5,4,57,0,1,2,1,5,2,0,3,8,2,6,7,3,5,5,4,5,5,1,0,5,6,3,3,3,1,4,1
2,1,2,0,5,3,3,4,1,2,0,4,1,2,2,3,2,2,3,64,3,1,4,0,2,0,0,1,4,0,5,4,1,2,5,3,0,1,4,0,4,2,3,1,3,2,4,3
0,1,0,0,3,3,1,2,1,2,1,3,1,3,3,1,4,1,1,11,1,1,3,1,1,8,0,6,6,4,8,7,6,3,1,2,5,4,4,2,2,0,3,2,3,0,0,0
6,1,0,2,3,3,7,8,1,3,3,2,3,0,0,5,4,5,3,60,3,0,0,0,7,3,7,2,3,0,5,3,1,3,4,3,5,5,3,2,7,4,3,2,3,0,1,0
5,1,1,2,3,1,1,4,1,2,3,2,2,3,2,3,3,6,3,14,2,1,3,1,4,2,4,1,4,0,8,5,1,1,2,4,2,6,3,2,2,2,3,2,3,0,0,3
2,0,2,0,8,3,2,2,1,2,0,4,1,3,3,1,1,2,3,53,2,0,0,1,2,5,6,4,7,1,8,7,4,4,2,3,5,2,4,0,6,1,3,1,3,1,4,0
6,0,0,2,0,3,6,8,1,3,4,1,2,0,0,5,1,5,3,37,3,1,0,0,6,4,3,4,8,2,8,9,4,5,5,3,4,4,3,0,7,5,3,2,3,1,2,2
4,1,2,2,3,0,1,4,1,1,3,2,1,1,1,2,0,5,4,24,3,0,0,3,6,8,7,5,0,5,5,0,3,3,5,4,0,4,6,0,4,5,3,1,3,1,3,4
6,3,2,3,3,0,1,5,1,3,4,3,2,2,2,3,2,6,3,9,1,2,1,2,6,7,0,6,1,0,5,1,4,4,2,4,0,6,4,2,1,2,3,5,3,0,0,4
4,1,1,2,1,2,4,8,1,2,3,2,2,0,0,5,1,4,3,28,4,0,0,1,8,7,5,6,0,2,8,1,4,4,3,4,4,5,4,1,7,2,3,4,3,1,2,1
0,3,2,0,6,3,1,1,1,2,0,4,2,6,4,1,0,0,1,44,2,1,0,3,3,1,2,1,1,4,5,1,0,4,0,3,3,6,3,3,0,0,3,5,3,0,0,1
6,0,0,4,4,0,1,6,1,4,4,3,4,2,2,4,3,5,3,38,1,1,0,1,6,7,0,6,1,2,8,2,4,3,4,2,1,5,4,3,0,4,3,3,3,0,0,4
2,2,0,0,1,4,2,4,1,1,1,4,1,1,1,2,1,1,1,32,2,0,0,2,5,1,5,0,1,1,8,2,0,4,1,2,0,6,4,4,3,1,3,3,1,0,0,3
0,2,0,1,1,0,0,3,1,1,2,3,1,2,2,2,0,1,1,22,3,2,0,2,4,8,3,6,4,3,8,5,5,6,4,1,3,3,4,3,0,2,3,3,3,0,0,1
3,2,2,2,8,4,5,7,1,1,1,4,1,0,0,4,4,3,1,36,3,0,4,0,5,8,4,6,5,2,8,6,6,4,4,1,5,5,2,3,7,4,3,4,1,0,0,0
1,1,1,2,3,4,5,8,1,2,3,2,1,0,0,5,2,2,3,17,2,2,0,0,7,7,0,6,6,0,3,3,5,5,4,3,4,8,3,4,3,8,3,4,0,0,0,2
2,1,2,0,8,4,1,1,1,1,0,5,1,5,5,1,2,2,3,32,2,2,2,5,4,3,5,2,4,0,7,4,2,4,3,4,0,6,4,2,1,3,3,1,3,0,0,4
4,3,0,3,6,0,1,4,1,4,3,4,3,3,3,3,3,4,4,25,2,0,4,0,2,8,8,5,4,0,4,3,4,3,5,4,0,3,2,0,5,4,3,1,3,2,5,4
0,3,0,0,2,4,2,4,1,1,1,4,1,1,1,2,4,2,3,30,1,0,2,0,2,4,7,2,7,0,6,6,2,2,2,5,3,4,3,0,5,1,3,1,3,2,4,2
3,1,2,2,5,0,1,4,1,1,2,3,1,2,2,3,1,4,4,51,2,2,5,2,4,2,5,1,2,0,6,3,1,3,4,5,0,2,4,0,3,7,3,1,3,2,2,5
7,4,1,2,1,1,3,7,1,2,3,2,2,0,0,4,2,6,4,43,2,0,4,0,5,9,5,6,8,2,8,9,6,5,5,3,2,3,2,0,3,4,3,1,3,1,4,3
4,0,2,2,8,1,3,5,1,2,1,4,1,1,1,3,3,4,2,33,1,0,2,0,3,8,3,6,8,0,8,8,6,2,3,2,2,5,3,3,3,2,3,2,3,0,0,3
7,3,2,1,2,2,5,8,1,2,2,3,2,0,0,5,1,6,4,19,3,2,5,0,6,1,8,0,8,2,6,7,0,3,3,6,4,5,5,0,7,2,3,1,3,2,3,2
7,3,0,4,4,0,2,7,1,1,4,1,0,0,0,4,2,6,3,22,3,1,2,0,5,7,1,6,3,2,8,4,5,5,4,6,4,5,4,0,6,4,3,4,3,2,3,2
8,4,2,2,3,3,0,3,1,2,3,1,1,2,1,2,4,5,3,43,2,1,1,1,2,8,2,6,3,0,6,3,5,5,3,3,2,3,3,0,3,2,3,2,3,1,3,3
4,2,2,2,9,2,6,7,1,2,1,4,1,0,0,4,4,5,1,6,2,1,4,0,5,4,5,3,1,0,2,0,1,4,2,2,4,7,5,4,7,3,3,5,0,0,0,1
0,4,1,1,1,2,2,5,1,1,2,2,1,0,0,3,2,1,2,19,2,2,2,0,3,4,0,6,3,0,7,4,5,3,3,2,2,3,5,2,4,2,3,4,3,0,0,3
0,1,1,0,8,1,1,0,1,1,0,5,1,6,5,0,0,1,2,3,2,1,3,3,2,0,3,0,6,4,4,4,0,4,1,3,4,5,2,1,0,1,3,2,3,0,1,0
0,3,0,1,8,0,0,0,1,2,0,6,2,7,6,0,2,0,2,57,1,1,0,6,4,3,6,2,5,0,5,4,2,4,2,2,4,5,0,3,3,2,3,5,3,0,0,2
0,0,2,0,5,2,1,2,1,1,0,4,2,5,4,1,4,0,1,2,2,2,0,4,5,7,3,6,4,0,8,5,5,2,5,1,1,4,2,3,3,5,3,2,3,0,0,2
7,0,2,2,0,2,2,6,1,2,4,1,2,0,0,4,0,6,4,4,1,1,0,0,4,4,7,2,7,4,8,7,2,1,5,3,1,3,2,0,4,4,3,3,3,1,4,3
0,0,0,0,8,0,0,0,1,1,0,5,1,6,5,0,4,1,3,25,3,2,0,5,4,9,8,5,0,0,6,1,3,4,4,2,0,4,1,2,5,3,3,3,3,0,1,3
3,0,0,1,9,0,1,1,1,2,0,6,2,6,6,1,4,3,3,19,3,1,0,8,7,4,1,4,2,0,8,3,3,5,2,3,1,7,6,4,0,3,3,3,0,0,0,2
1,2,0,2,8,3,4,5,1,2,1,3,1,0,0,3,3,3,3,36,4,2,4,0,3,2,8,0,5,0,8,6,0,3,2,3,1,3,2,0,7,1,3,3,3,1,4,3
1,3,1,2,8,4,3,5,1,2,1,4,1,0,0,3,2,3,3,37,3,1,0,0,3,1,5,0,7,2,7,7,0,4,3,3,4,3,3,0,5,2,3,2,3,1,3,1
7,1,1,2,6,3,7,8,1,2,2,2,2,0,0,5,0,5,5,28,3,1,0,0,6,2,4,1,6,3,5,5,1,4,5,6,4,5,5,0,2,6,3,3,3,2,3,2
8,4,1,1,2,1,2,4,1,1,2,3,1,2,2,3,0,5,3,5,1,1,0,1,4,0,3,0,7,4,8,8,0,4,1,3,4,6,4,3,0,1,3,3,2,0,0,1
8,2,1,3,9,1,2,4,1,2,2,3,1,2,2,3,0,6,4,57,1,2,0,2,5,5,2,5,7,5,7,7,5,4,3,6,4,4,1,0,7,2,3,3,3,1,1,1
4,0,2,2,5,3,4,7,1,2,2,2,2,0,0,4,3,3,3,33,2,0,0,0,5,4,2,4,2,0,4,2,3,3,5,3,3,5,3,2,2,6,3,2,3,0,1,1
0,1,0,1,4,1,0,2,1,1,1,4,1,3,3,1,0,1,5,57,1,0,6,0,0,5,6,4,4,6,8,5,4,4,3,3,2,2,1,0,0,1,3,2,3,2,5,3
6,3,1,1,1,1,3,6,1,3,2,4,3,1,1,4,3,5,3,10,3,2,0,1,5,3,0,4,6,2,5,5,4,5,5,1,5,5,3,4,2,6,3,3,1,0,0,1
7,0,0,3,7,2,2,5,1,1,2,2,1,0,0,3,3,4,3,20,1,0,5,0,3,3,1,3,7,0,5,5,3,3,3,3,5,6,2,3,5,3,3,2,3,0,0,0
2,2,1,1,3,1,1,3,1,2,2,3,2,4,3,2,3,2,3,51,2,2,4,3,5,8,0,6,0,0,5,0,3,4,2,5,0,5,4,0,4,1,3,3,3,1,4,4
8,1,2,2,1,2,6,8,1,2,3,2,2,0,0,5,2,5,4,14,0,2,0,0,7,5,5,4,7,0,8,8,4,1,7,4,1,2,2,0,3,8,3,1,3,2,4,3
4,1,1,2,5,4,5,8,1,2,2,3,3,0,0,5,1,6,4,40,3,0,0,0,6,3,7,2,2,3,8,3,1,4,4,5,5,6,5,0,5,5,3,2,3,1,0,2
5,0,0,3,1,3,0,5,1,2,4,0,2,1,0,3,2,5,4,55,3,1,0,0,3,5,2,5,8,1,8,8,5,5,4,3,3,4,2,1,4,3,3,3,3,1,3,3
4,0,2,1,1,4,6,8,1,2,2,3,0,0,0,5,4,4,2,46,3,2,2,0,7,2,2,2,1,0,7,2,1,4,3,4,5,7,5,3,7,4,3,3,2,0,0,0
1,2,2,1,4,0,1,3,1,1,1,4,1,2,2,2,3,4,3,19,3,0,0,2,4,1,0,2,1,0,8,2,1,4,3,5,1,3,6,0,7,2,3,3,3,2,4,4
8,0,2,1,8,0,2,2,1,2,0,6,2,4,4,1,4,6,3,8,1,0,2,3,4,3,6,2,1,0,8,2,1,5,4,4,1,6,2,2,1,5,3,3,3,0,1,3
6,3,2,2,0,4,3,7,1,4,4,3,3,1,1,5,4,4,1,24,3,0,0,2,8,4,0,6,0,0,8,1,4,3,3,2,0,6,6,4,7,3,3,4,0,0,0,3
4,2,0,2,7,1,3,5,1,2,1,4,2,2,2,3,1,5,4,12,4,1,0,1,4,4,8,2,8,2,8,9,2,4,3,5,4,6,4,0,4,3,3,2,3,1,2,0
8,1,2,2,6,0,0,2,1,1,2,3,0,2,2,1,4,6,3,5,2,0,3,1,2,4,1,4,6,2,8,7,4,4,2,3,3,4,3,0,4,1,3,1,3,1,2,2
3,3,1,1,10,1,4,4,1,1,0,5,0,0,0,2,0,4,5,6,2,0,4,0,2,4,4,3,2,6,4,2,2,4,3,6,0,4,5,0,4,2,3,1,3,1,2,5
0,2,2,0,7,1,1,1,1,1,0,5,1,5,5,1,2,0,1,33,2,2,4,5,5,8,4,6,0,0,8,1,4,3,2,2,2,7,3,4,1,3,3,4,0,0,0,2
5,3,1,3,4,0,2,6,1,2,3,3,1,0,0,4,2,6,3,36,3,0,0,0,4,5,8,3,8,1,5,6,3,5,5,3,4,5,2,1,4,6,3,2,3,0,1,1
4,2,2,2,7,1,3,5,1,2,1,4,1,1,1,3,1,5,4,6,2,2,0,1,5,0,8,0,7,4,5,5,0,5,4,5,1,8,5,4,4,8,3,3,1,0,0,3
8,1,0,2,8,4,7,8,1,2,1,4,1,0,0,5,1,5,4,2,2,2,0,0,6,4,7,2,7,3,8,8,2,2,5,4,0,6,2,2,3,7,3,3,3,0,1,3
8,2,2,1,8,2,1,1,1,2,0,5,2,6,5,1,3,6,3,28,4,1,0,5,5,7,6,5,3,3,8,4,4,4,4,5,0,5,3,0,7,4,3,2,3,2,5,3
4,4,1,2,6,0,0,2,1,3,2,5,2,5,5,2,0,5,3,41,3,0,0,9,9,9,5,6,2,1,8,3,5,5,3,5,3,6,5,1,7,3,3,2,3,1,2,1
4,0,0,2,2,0,0,4,1,1,3,2,1,1,1,2,2,3,3,18,2,2,0,1,3,6,0,6,3,0,5,3,5,4,3,1,3,3,4,3,1,2,3,4,3,0,0,3
7,0,1,3,0,2,5,8,1,2,5,0,2,0,0,5,2,4,3,61,2,0,1,0,7,5,0,6,5,1,4,4,5,4,4,3,3,6,2,2,7,5,3,4,3,0,0,2
1,0,2,1,10,4,7,7,1,1,0,5,1,0,0,4,1,2,3,19,1,1,5,0,5,1,8,0,3,2,8,4,0,4,3,5,5,7,4,2,3,5,3,2,3,0,0,0
3,2,0,3,9,0,1,3,1,2,2,4,2,3,3,2,4,2,2,50,2,0,3,0,1,5,4,4,0,0,8,1,2,6,1,4,2,4,0,0,7,0,3,3,3,2,5,2
8,4,1,2,1,0,1,5,1,2,3,3,1,0,0,3,0,6,4,17,2,2,0,0,3,0,1,0,3,5,5,3,0,5,3,3,2,3,2,0,3,2,3,2,3,1,4,3
3,4,2,2,7,1,0,2,1,1,1,4,0,2,2,1,0,3,4,30,0,0,0,0,0,0,8,0,8,5,3,4,0,3,4,3,1,2,4,0,2,2,3,1,3,1,4,4
6,4,0,2,10,0,2,3,1,2,0,6,2,3,3,2,4,6,3,35,3,2,5,3,4,2,3,2,7,0,8,8,2,4,2,5,2,5,4,0,7,2,3,2,3,1,4,2
8,3,0,3,6,1,3,6,1,1,3,2,1,0,0,4,3,5,3,36,3,0,0,1,6,0,2,0,5,0,8,6,0,4,4,4,3,7,3,4,2,6,3,2,2,0,0,1
5,0,0,2,4,2,5,8,1,2,2,3,2,0,0,5,3,4,4,47,3,1,0,0,6,7,2,6,2,1,8,3,5,4,6,5,0,2,6,0,7,6,3,1,3,2,3,4
7,1,1,2,4,2,3,6,1,2,2,3,1,0,0,4,3,4,3,9,2,0,4,0,4,3,7,2,3,2,6,3,1,4,5,4,0,4,4,0,3,5,3,4,3,1,4,4
1,1,0,1,5,0,1,3,1,0,1,3,0,1,1,2,1,3,3,31,0,2,2,1,2,5,6,4,0,4,7,1,2,4,4,2,3,3,5,1,3,2,3,2,3,0,0,2
6,1,2,2,0,2,5,8,1,3,4,2,2,0,0,5,3,6,3,37,3,0,0,0,7,6,4,5,7,0,8,8,5,5,4,5,0,4,4,0,7,3,3,3,3,2,4,3
2,2,0,0,1,2,2,4,1,2,1,4,1,2,2,3,0,0,3,48,2,0,4,0,2,3,3,3,0,3,8,1,2,4,1,5,3,5,3,0,4,1,3,2,3,2,5,4
5,1,1,3,2,2,5,8,1,3,4,2,3,0,0,5,3,5,3,47,3,0,0,0,7,6,3,5,7,0,5,5,5,5,5,5,5,6,6,1,5,7,3,4,3,1,1,0
6,3,0,2,0,2,1,5,1,4,4,2,3,2,2,3,2,4,3,52,3,2,0,2,5,7,6,5,6,0,4,4,4,4,5,3,2,5,5,2,7,6,3,1,3,0,0,3
4,0,0,4,10,1,4,7,1,3,2,4,2,0,0,4,4,4,2,36,3,1,3,0,5,6,6,4,8,0,8,8,4,3,4,3,4,5,1,1,7,4,3,2,3,1,1,0
6,4,1,2,9,3,3,4,1,3,1,4,3,4,4,3,4,5,2,59,2,0,0,8,9,4,4,3,8,0,5,6,3,4,3,3,1,4,3,0,5,2,3,5,3,1,2,2
2,1,0,0,2,1,2,4,1,2,1,4,1,2,2,3,1,1,1,10,3,2,6,2,4,9,0,6,4,4,5,4,5,4,1,3,1,6,3,3,7,1,3,3,3,0,0,3
6,3,1,2,5,4,7,8,1,3,2,4,3,0,0,5,3,4,3,53,1,1,0,0,6,1,4,1,6,0,8,7,1,3,3,3,5,7,5,4,0,5,3,2,0,0,0,0
3,3,0,1,1,1,5,8,1,1,2,3,1,0,0,5,2,2,1,25,2,2,2,0,7,3,5,2,6,0,4,4,2,3,1,1,4,6,2,4,7,1,3,5,0,0,0,1
8,2,2,2,9,4,4,5,1,2,1,4,1,0,0,3,0,6,4,18,4,0,0,0,3,6,1,6,5,4,5,4,5,4,6,3,5,3,3,0,2,7,3,2,3,1,3,1
7,2,0,1,9,2,3,3,1,3,0,6,2,3,3,2,1,6,4,23,5,2,0,3,5,1,4,1,8,4,8,9,1,5,6,2,4,4,5,2,7,7,3,2,3,0,0,1
4,1,1,2,8,1,3,5,1,2,1,4,1,0,0,3,4,4,2,26,3,2,4,0,3,2,2,2,6,0,8,7,2,5,0,3,0,5,3,2,4,0,3,3,3,0,1,4
2,4,2,1,0,3,2,5,1,2,3,1,1,1,1,3,1,0,2,9,1,2,0,1,4,5,4,4,3,2,8,4,3,3,2,4,5,6,4,2,2,2,3,2,3,0,0,1
7,4,1,3,1,3,7,8,1,1,4,0,1,0,0,5,1,5,4,51,3,0,3,0,7,9,2,6,0,3,5,0,3,4,5,6,3,7,4,1,6,8,3,1,3,1,3,3
1,0,0,3,0,0,0,5,1,0,5,0,0,0,0,3,3,1,3,30,0,1,4,0,3,9,1,6,7,0,3,4,5,1,6,3,0,3,3,0,3,7,3,1,3,1,3,4
1,3,0,2,7,0,1,3,1,2,1,5,2,3,3,2,1,4,4,51,2,2,0,3,5,8,2,6,1,2,8,2,4,4,4,4,1,3,3,0,6,2,3,2,3,2,4,4
5,2,1,2,6,2,7,8,1,2,2,3,1,0,0,5,3,4,3,38,1,2,0,0,6,1,7,0,8,0,8,9,0,4,2,3,3,6,5,3,3,2,3,2,2,0,0,2
0,1,0,1,2,3,4,6,1,2,2,2,1,0,0,4,4,1,2,28,4,1,6,0,4,2,6,1,3,1,8,4,1,4,3,1,2,6,4,4,7,3,3,3,0,0,0,4
2,4,0,1,0,0,0,3,1,1,3,2,1,2,2,2,3,2,4,2,2,0,0,0,1,3,7,2,7,0,3,4,2,2,2,4,5,5,2,0,7,1,3,1,3,1,3,1
4,0,2,2,3,4,4,7,1,2,3,2,2,0,0,4,1,5,4,7,3,1,1,0,5,4,5,3,6,0,8,7,3,3,5,5,2,3,1,0,3,4,3,1,3,2,3,3
5,3,2,2,1,3,4,8,1,2,3,1,1,0,0,5,1,5,3,7,2,0,0,0,7,7,8,4,8,0,8,8,4,3,6,3,3,5,1,1,2,8,3,2,3,1,1,3
1,4,2,1,8,0,0,0,1,1,0,5,0,4,4,0,1,2,3,1,2,0,1,3,1,5,3,4,4,1,3,3,3,5,1,3,5,4,4,0,3,0,3,3,3,1,2,1
3,1,1,2,10,2,3,4,1,2,0,5,1,1,1,2,4,2,2,53,2,1,2,1,4,0,3,0,5,0,3,3,0,4,3,3,5,5,4,2,7,2,3,2,3,0,0,1
3,1,1,1,1,1,3,6,1,3,2,4,2,0,0,4,2,1,0,14,1,0,0,0,4,0,4,0,3,0,5,3,0,2,1,1,2,6,1,4,7,1,3,5,0,0,0,2
0,4,0,0,7,1,0,0,1,1,0,5,1,5,5,0,3,0,3,24,3,0,0,7,5,5,6,4,4,0,5,4,3,3,5,5,0,3,6,0,3,4,3,4,3,2,4,4
5,2,2,2,10,3,7,8,1,2,0,4,2,0,0,5,2,5,3,19,2,1,0,0,7,8,4,6,2,1,3,2,4,4,2,5,4,7,5,3,3,2,3,5,3,0,0,2
5,1,0,3,2,2,5,8,1,2,4,1,2,0,0,5,1,6,3,52,3,2,0,0,7,5,4,4,1,3,8,2,3,3,3,5,5,6,4,1,7,3,3,3,3,1,2,0
2,3,1,0,10,4,1,0,1,1,0,5,1,6,5,0,1,3,4,54,2,0,0,5,3,1,7,0,1,2,5,1,0,4,3,3,1,3,3,0,1,2,3,1,3,1,3,4
1,3,1,2,6,2,4,6,1,2,2,3,2,1,1,4,3,3,1,10,3,1,3,1,5,1,8,0,1,0,3,1,0,5,2,3,0,8,4,4,7,4,3,2,0,0,0,2
6,0,0,3,5,1,4,7,1,4,3,4,3,1,1,5,3,5,3,11,2,0,0,1,6,8,2,6,5,1,8,6,6,3,4,4,1,6,2,2,7,5,3,3,3,0,1,4
6,2,0,3,3,1,3,7,1,3,4,2,3,0,0,4,2,5,4,50,2,1,1,0,5,7,4,6,2,0,7,3,5,6,5,3,3,6,1,3,5,7,3,3,3,0,0,3
0,1,1,1,6,0,0,1,1,0,1,3,0,3,3,0,1,0,0,59,2,1,1,4,3,8,7,5,8,0,8,9,5,4,3,0,5,5,3,4,0,2,3,2,0,0,0,0
6,1,2,2,10,4,6,7,1,2,0,5,2,0,0,4,1,6,5,65,4,2,0,0,5,3,6,2,4,2,8,5,2,4,5,4,0,5,3,0,5,6,3,1,3,1,3,4
2,4,2,1,7,3,3,4,1,2,0,4,1,2,2,3,1,2,1,28,4,2,0,2,4,5,6,4,4,0,8,5,4,4,3,2,4,7,4,4,5,4,3,4,0,0,0,0
1,1,0,2,7,1,1,3,1,1,1,4,1,2,2,2,1,3,5,57,0,1,0,2,4,0,0,1,3,1,4,3,1,4,6,2,4,1,1,0,1,5,3,1,3,1,4,2
4,4,0,3,8,2,3,6,1,2,2,3,1,0,0,4,0,3,3,15,1,2,0,0,4,8,1,6,5,3,5,4,5,3,4,6,4,5,2,0,0,4,3,4,3,2,3,1
6,3,0,4,7,3,5,8,1,3,3,2,2,0,0,5,3,6,2,54,2,1,2,0,7,2,5,1,7,0,2,3,1,4,2,4,5,7,4,3,7,3,3,4,2,0,0,0
6,2,2,2,9,3,6,7,1,3,1,4,3,1,1,5,0,6,5,23,5,1,0,1,6,6,4,5,0,4,6,1,3,4,6,4,2,3,6,0,5,7,3,1,3,1,4,4
0,4,1,1,6,3,2,3,1,1,1,2,1,2,2,2,1,1,4,36,4,1,4,1,3,4,0,6,4,0,8,5,5,3,5,2,2,2,1,0,4,3,3,2,3,1,3,3
4,4,2,2,0,0,1,5,1,2,4,2,2,2,2,3,3,5,3,28,4,0,5,0,3,5,7,3,8,0,6,7,3,4,2,2,3,7,4,4,7,3,3,2,0,0,0,3
5,0,2,2,6,1,4,6,1,2,2,3,1,0,0,4,3,5,3,2,2,1,6,0,4,2,4,1,2,0,8,3,1,3,4,2,2,3,2,2,7,2,3,3,3,1,1,2
1,4,2,1,8,1,2,3,1,1,0,5,1,3,3,2,1,3,4,26,1,2,0,3,5,3,0,4,5,2,8,6,4,5,5,4,0,3,3,0,7,4,3,2,3,2,5,3
4,3,2,2,6,0,1,3,1,2,2,4,1,3,3,2,3,3,3,21,2,0,0,4,6,7,0,6,3,0,7,4,5,7,3,6,2,6,1,0,5,3,3,3,3,2,5,1
0,2,1,0,5,2,1,2,1,1,0,4,0,2,2,1,4,0,1,39,5,0,2,1,2,3,5,2,5,1,8,6,2,6,0,1,1,6,3,4,4,0,3,4,0,0,0,3
1,0,1,1,8,1,2,3,1,2,0,5,1,2,2,2,4,3,3,21,2,0,0,2,4,7,7,5,4,0,7,4,4,8,5,3,4,4,2,0,4,5,3,2,3,1,3,0
2,0,2,1,4,0,0,2,1,2,1,5,2,4,4,1,3,1,3,44,2,2,0,4,5,8,0,6,4,0,8,5,5,5,4,3,2,4,4,0,2,3,3,3,3,1,2,3
2,1,2,1,1,2,1,4,1,2,2,3,1,2,2,3,4,3,1,50,3,1,6,0,2,6,4,5,6,0,8,7,5,7,0,1,3,6,1,4,7,0,3,3,0,0,0,2
1,4,2,1,4,0,0,2,1,1,1,4,1,4,4,1,3,3,3,50,2,2,0,4,5,6,7,4,1,0,8,2,3,6,2,6,5,8,2,2,6,4,3,5,3,0,1,0
5,1,2,3,3,2,0,4,1,3,4,2,3,3,2,3,2,5,3,31,0,0,4,0,2,4,0,6,7,0,8,7,6,5,3,3,3,6,4,3,0,3,3,1,2,0,0,2
7,3,2,2,1,0,0,4,1,2,3,3,2,2,2,3,1,4,4,65,4,1,0,2,5,9,5,6,2,0,8,3,5,5,3,5,0,3,3,0,4,2,3,2,3,2,3,3
4,4,2,1,0,0,1,4,1,3,3,4,2,2,2,3,1,6,3,64,3,2,6,2,5,3,1,3,0,0,8,1,2,4,3,3,3,6,4,3,4,3,3,4,2,0,0,1
8,2,2,2,6,3,7,8,1,2,2,2,2,0,0,5,4,5,2,39,4,2,4,0,6,9,7,6,3,1,8,4,5,5,2,2,2,5,3,3,7,1,3,3,3,0,0,3
0,3,0,0,3,1,1,2,1,1,1,4,0,2,2,1,3,0,1,1,1,0,2,2,2,6,2,6,1,0,8,2,4,4,1,3,3,5,4,2,3,1,3,3,3,0,0,1
1,3,2,2,10,0,1,2,1,1,0,5,0,2,2,1,0,1,1,63,3,0,0,2,2,7,4,6,3,5,3,2,4,4,3,1,4,3,5,3,3,2,3,3,3,0,0,0
4,3,2,2,2,3,5,8,1,2,3,1,1,0,0,5,4,5,2,15,1,0,3,0,6,6,7,4,7,0,8,8,4,4,5,4,0,4,2,0,7,5,3,2,3,2,5,3
6,4,2,2,3,0,1,4,1,3,3,4,2,2,2,3,1,5,4,7,4,2,1,2,5,5,4,4,2,1,8,3,3,3,5,4,2,4,0,0,7,5,3,1,3,2,5,3
4,2,2,2,6,1,5,7,1,2,2,3,1,0,0,4,2,4,1,9,1,2,0,0,5,5,5,4,4,0,8,5,4,3,3,1,4,6,4,4,7,3,3,3,0,0,0,2
3,3,2,1,10,1,4,4,1,2,0,5,2,2,2,3,0,2,4,28,3,2,6,2,4,5,1,6,2,3,7,3,5,4,4,6,2,6,5,0,4,5,3,1,3,2,4,3
2,1,1,1,6,1,1,2,1,1,1,4,2,4,4,1,0,1,4,13,4,2,0,4,5,8,7,5,3,5,8,4,4,3,6,4,1,6,6,2,5,8,3,1,3,0,0,4
4,1,2,2,3,2,1,4,1,2,3,2,2,2,2,3,4,4,3,9,1,1,4,1,4,2,4,1,0,0,8,1,0,4,3,4,5,6,3,2,5,3,3,4,3,0,0,0
2,4,0,1,10,1,1,1,1,1,0,5,1,5,5,1,3,3,2,33,2,0,2,2,1,8,6,6,7,4,4,4,5,3,4,2,5,4,4,2,2,3,3,1,3,0,0,0
6,2,2,2,6,0,1,3,1,4,2,5,3,5,5,2,0,5,4,25,3,2,0,5,6,8,1,6,3,7,1,1,4,3,5,4,0,4,2,0,7,5,3,1,3,2,5,4
1,4,1,2,10,4,4,5,1,1,0,5,1,1,1,3,0,3,3,1,2,2,0,1,5,0,0,1,1,4,5,1,0,5,2,4,3,8,4,4,4,4,3,3,0,0,0,2
7,4,2,1,1,3,0,3,1,2,2,2,1,3,2,2,0,5,4,47,3,2,2,2,4,3,5,2,3,4,4,3,1,4,3,3,0,5,5,2,4,2,3,2,3,0,0,4
4,3,0,2,2,1,2,6,1,2,3,2,1,0,0,4,0,3,3,65,5,0,3,0,4,3,0,4,1,7,2,0,2,5,2,2,4,3,3,1,7,1,3,4,3,1,1,1
7,2,1,1,5,2,3,4,1,2,1,4,1,1,1,2,0,6,4,48,2,2,2,1,3,7,4,6,0,7,3,0,3,4,3,4,0,3,5,0,7,2,3,1,3,1,4,4
1,4,1,1,7,1,1,2,1,2,0,5,2,4,4,1,4,3,2,2,2,1,3,3,3,1,1,1,2,1,4,2,0,2,2,2,2,6,2,3,4,2,3,3,1,0,0,2
4,0,1,3,3,3,7,8,1,3,4,1,2,0,0,5,4,4,1,53,2,2,6,0,7,5,3,4,8,6,3,4,3,4,2,1,2,7,4,4,7,3,3,5,0,0,0,2
3,2,2,2,7,2,4,6,1,3,1,5,2,1,1,4,3,1,1,10,2,1,3,0,4,3,6,2,7,0,8,8,2,5,1,2,5,8,3,4,7,2,3,4,0,0,0,0
8,3,0,2,4,0,1,4,1,1,2,3,1,2,2,3,2,6,3,1,2,1,0,2,5,4,7,2,4,0,6,4,2,6,5,4,5,5,3,0,3,6,3,2,3,1,3,1
8,4,1,2,6,0,0,2,1,1,2,3,1,3,3,1,4,6,2,25,2,0,3,0,0,5,3,4,5,0,8,6,4,4,1,1,5,5,2,3,0,1,3,3,1,0,0,0
7,0,2,2,8,3,6,8,1,2,1,3,2,0,0,5,0,5,4,39,5,2,0,0,6,4,5,3,5,6,4,4,2,5,3,6,3,4,3,0,5,2,3,4,3,1,2,3
6,1,2,1,9,1,3,3,1,3,0,6,2,4,4,2,3,5,3,14,1,2,1,4,6,9,6,6,8,0,7,8,6,3,5,4,0,4,2,0,5,5,3,2,3,2,5,3
8,4,2,3,5,1,0,4,1,1,3,2,1,2,2,3,4,6,1,7,5,0,0,5,8,3,3,3,8,0,8,8,3,3,4,2,2,8,1,4,7,8,3,4,0,0,0,2
3,4,1,1,8,0,0,1,1,2,0,6,2,5,5,1,0,1,3,59,2,2,0,5,4,2,5,1,1,2,6,2,0,4,2,3,0,7,4,4,2,2,3,2,1,0,0,3
5,2,2,2,0,4,5,8,1,2,4,1,1,0,0,5,2,4,3,33,2,2,4,0,6,2,8,0,4,0,4,3,0,3,5,5,0,5,5,0,4,6,3,1,3,1,4,1
3,0,1,1,6,1,2,3,1,2,1,4,1,2,2,2,2,1,3,14,1,0,0,3,5,0,1,0,6,1,6,6,0,3,4,6,2,4,2,0,3,3,3,1,3,1,1,3
0,2,1,0,3,3,1,2,1,2,1,3,1,4,3,1,0,1,0,36,2,1,0,2,3,3,4,2,8,2,8,8,2,4,4,1,0,3,2,3,4,2,3,2,3,0,0,2
8,3,1,2,3,1,3,6,1,1,3,2,1,0,0,4,3,6,3,6,2,1,0,0,4,0,8,4,1,1,4,1,2,5,3,6,2,6,4,0,4,3,3,2,3,2,5,3
5,4,2,2,2,0,1,5,1,2,3,3,1,0,0,3,0,5,4,26,1,1,0,1,4,6,7,4,6,0,8,7,4,6,5,3,2,6,2,3,1,7,3,2,3,0,0,2
4,0,0,3,6,0,0,3,1,2,3,3,2,3,3,2,2,5,3,27,3,0,0,4,5,4,4,3,3,3,8,4,2,2,3,4,2,6,3,2,6,3,3,2,3,0,0,1
4,0,0,3,2,4,7,8,1,2,4,1,2,0,0,5,4,3,2,60,3,2,0,0,6,0,3,0,8,1,8,8,0,2,3,3,3,6,3,3,7,3,3,2,3,0,0,2
1,2,2,2,6,1,0,2,1,1,2,3,1,3,3,1,2,3,1,3,1,1,0,3,4,9,0,6,7,0,8,8,6,5,2,1,3,5,2,3,1,1,3,5,1,0,0,0
3,1,2,1,7,3,7,8,1,3,0,5,1,0,0,5,0,4,4,25,2,2,0,0,7,3,3,3,2,4,8,3,2,3,5,4,5,6,3,2,5,7,3,3,3,0,0,1
0,2,2,1,6,2,1,2,1,1,1,3,1,4,3,1,2,0,0,0,0,1,4,1,1,7,6,5,2,0,7,3,4,1,4,0,5,4,3,4,0,3,3,1,0,0,0,0
2,1,2,0,10,2,0,0,1,1,0,4,1,6,4,0,3,1,2,60,3,2,2,4,2,7,5,6,8,0,7,8,6,3,2,3,2,3,3,0,2,1,3,3,3,1,3,4
6,2,1,3,6,4,7,8,1,3,3,3,2,0,0,5,4,5,2,5,3,0,0,0,6,3,6,2,2,0,5,2,1,4,4,3,4,5,4,1,7,4,3,3,3,0,0,1
5,1,0,3,7,1,2,5,1,3,2,4,2,1,1,3,4,5,2,54,1,0,5,0,3,8,6,6,5,0,8,6,6,4,3,3,5,6,4,2,3,3,3,2,2,0,0,0
6,4,0,3,6,1,4,7,1,3,3,3,2,0,0,4,3,5,3,28,5,1,2,0,5,1,3,1,6,0,8,6,1,4,2,2,5,8,4,4,7,4,3,5,0,0,0,1
2,3,2,1,3,3,2,4,1,1,2,1,1,2,1,2,0,3,4,34,4,2,0,1,3,2,4,1,1,3,7,2,0,0,4,2,1,2,2,0,5,2,3,1,3,1,3,4
3,0,0,2,1,2,3,7,1,2,3,2,2,0,0,4,1,2,4,12,4,1,0,0,5,3,3,3,5,2,3,3,2,4,6,5,3,5,3,0,6,8,3,1,3,2,5,3
7,2,0,2,10,3,0,1,1,2,0,4,2,6,4,1,3,6,3,29,3,1,3,2,2,6,1,6,8,1,7,8,6,3,4,2,1,2,5,0,7,2,3,3,3,1,1,3
3,0,2,1,1,1,1,4,1,3,2,4,2,3,3,3,2,3,3,18,2,2,0,3,6,8,0,6,2,1,8,3,5,4,3,5,1,8,2,4,3,6,3,1,1,0,0,3
0,0,1,0,1,1,0,2,1,2,1,4,3,5,4,1,2,0,1,6,2,0,0,5,6,8,1,6,2,2,6,3,5,5,4,2,1,6,3,4,1,5,3,4,1,0,0,3
4,3,0,3,7,2,3,6,1,4,2,4,3,1,1,4,4,4,3,5,1,2,0,1,6,6,7,4,7,2,8,8,4,5,3,1,1,8,3,4,7,6,3,6,0,0,0,4
2,2,0,1,9,0,0,0,1,1,0,5,2,6,5,0,3,2,1,35,4,0,1,6,5,3,3,3,0,0,8,1,2,4,2,2,1,4,4,2,3,1,3,4,3,0,0,3
3,4,2,1,2,0,1,3,1,1,2,3,1,3,3,2,3,2,3,62,2,0,3,0,1,3,3,3,8,0,8,9,3,4,4,5,4,3,4,0,6,2,3,1,3,2,3,2
6,4,2,1,10,0,2,2,1,3,0,7,2,5,5,2,1,4,4,21,2,1,1,5,6,8,7,5,2,0,5,2,4,8,2,4,2,5,2,0,3,1,3,6,3,1,3,2
3,4,0,2,8,0,1,2,1,1,1,4,1,4,4,1,2,3,3,64,2,2,4,4,5,5,2,5,8,0,2,3,4,3,5,2,3,6,5,4,7,7,3,3,1,0,0,3
2,1,1,0,1,3,1,3,1,2,1,3,2,4,3,2,2,3,4,57,0,0,0,5,7,2,6,1,7,0,8,7,1,4,3,4,3,4,1,0,5,2,3,5,3,2,5,3
7,3,2,2,0,2,7,8,1,2,4,1,1,0,0,5,2,6,3,28,3,2,2,0,6,0,5,0,1,0,8,2,0,5,5,3,0,4,4,0,7,5,3,3,3,1,2,4
0,2,0,0,8,0,0,0,1,2,0,6,2,7,6,0,3,0,1,57,0,1,0,6,4,8,8,5,5,0,5,4,4,4,4,1,0,6,2,4,0,5,3,4,0,0,0,4
2,4,1,1,8,0,0,0,1,1,0,5,1,5,5,0,4,1,2,36,3,2,0,5,4,0,7,0,5,0,3,3,0,4,2,4,1,7,2,2,4,3,3,1,3,0,0,4
0,0,1,1,1,2,1,4,1,2,2,3,1,1,1,2,2,2,4,58,4,0,0,1,4,5,2,5,8,0,7,7,5,4,3,4,4,4,4,0,5,2,3,1,3,1,4,3
0,4,1,1,1,0,0,3,1,0,2,2,0,1,1,2,0,2,4,39,5,2,2,1,2,6,8,3,6,5,2,3,2,5,4,4,2,5,3,0,7,4,3,2,3,1,3,3
6,1,1,2,10,0,0,1,1,3,0,7,2,5,5,1,2,6,4,57,1,1,1,4,4,6,0,6,6,2,4,4,5,3,4,4,0,5,1,0,5,4,3,1,3,1,4,3
6,2,2,1,9,1,4,4,1,3,0,6,3,3,3,3,1,6,5,21,2,2,0,3,6,2,2,2,5,3,8,6,2,7,5,3,4,6,2,3,3,7,3,5,3,0,0,2
1,2,2,1,7,1,3,4,1,1,0,5,1,1,1,2,0,4,4,24,4,1,0,2,5,5,5,4,0,1,4,0,2,3,5,3,0,4,6,2,7,5,3,2,3,1,1,3
4,0,1,2,4,3,7,8,1,3,2,3,3,0,0,5,0,4,5,12,4,1,0,0,6,3,0,4,5,6,8,6,4,5,6,6,1,1,3,0,2,5,3,1,3,1,0,3
7,3,1,3,10,4,6,8,1,2,1,4,2,0,0,5,2,5,4,23,6,1,0,0,7,1,5,0,2,0,8,3,0,4,2,2,5,8,5,4,7,4,3,5,0,0,0,1
7,3,2,2,6,3,7,8,1,1,2,1,1,0,0,5,4,6,3,50,2,0,1,0,7,0,0,1,6,4,5,5,1,6,4,2,2,6,1,4,6,5,3,3,1,0,0,4
1,3,2,1,5,4,6,8,1,2,1,4,2,0,0,5,0,5,4,9,1,1,0,0,7,0,5,0,0,4,8,1,0,4,3,5,2,5,5,0,2,2,3,2,3,1,4,3
8,3,0,2,9,1,5,6,1,2,1,4,2,0,0,4,3,5,4,58,2,0,0,0,4,6,8,3,2,0,8,3,2,3,5,4,2,5,4,1,2,6,3,2,3,1,2,4
1,0,1,2,9,1,1,2,1,1,1,4,0,2,2,1,1,3,4,4,2,1,2,2,2,5,5,4,3,3,8,4,3,3,6,1,1,0,3,0,0,3,3,1,3,1,2,3
3,3,1,2,1,3,4,8,1,2,3,1,1,0,0,5,2,2,3,40,4,1,6,0,7,4,1,4,4,0,4,3,3,4,3,5,2,6,5,1,7,3,3,4,3,1,2,3
6,0,1,2,2,4,7,8,1,3,3,3,2,0,0,5,4,4,3,0,1,2,5,0,7,7,3,6,6,0,8,7,6,2,7,2,1,1,2,0,5,7,3,1,3,1,4,3
4,3,0,3,1,1,4,8,1,2,4,1,2,0,0,5,1,6,4,19,1,2,0,0,6,1,8,0,5,2,3,3,0,5,6,3,4,2,5,0,0,6,3,2,3,1,3,2
8,4,2,2,9,4,3,4,1,2,1,4,0,0,0,2,4,5,2,0,1,0,0,0,2,1,5,0,0,0,7,1,0,2,2,2,5,6,1,4,6,2,3,2,1,0,0,0
4,4,2,2,0,3,4,8,1,2,4,0,2,0,0,5,3,3,1,11,1,1,1,0,6,1,7,0,5,0,8,6,0,3,2,1,4,8,4,4,7,4,3,3,0,0,0,1
8,4,2,2,2,1,1,4,1,2,3,2,2,3,2,3,1,5,4,26,2,1,0,2,4,4,6,3,5,0,8,6,3,5,4,5,0,6,2,0,3,5,3,2,3,1,3,4
1,2,1,1,9,0,1,1,1,1,0,5,1,4,4,1,3,3,4,32,2,0,0,5,4,2,1,2,4,0,8,5,2,4,3,3,2,3,4,0,3,2,3,1,3,1,3,3
8,4,0,3,7,0,2,5,1,2,2,4,1,1,1,3,2,6,3,33,2,0,2,0,3,0,8,0,2,0,8,3,0,2,3,3,0,3,5,0,6,2,3,1,3,1,2,3
1,3,1,1,0,3,7,8,1,2,3,1,2,0,0,5,4,2,2,38,1,0,2,0,6,6,8,3,2,0,8,3,2,4,4,3,3,6,4,3,5,5,3,3,2,0,0,1
4,0,1,2,7,3,7,8,1,4,1,4,3,0,0,5,4,5,3,31,1,1,1,0,7,3,8,1,4,0,5,4,1,4,2,5,0,5,5,0,7,2,3,4,3,1,4,4
1,2,1,1,9,3,5,5,1,1,0,3,1,1,1,3,0,3,2,19,3,1,2,1,5,1,4,1,6,4,6,6,1,3,5,1,2,5,6,4,4,6,3,4,0,0,0,2
4,0,1,2,10,4,4,5,1,2,0,5,2,2,2,3,2,4,4,52,3,2,2,2,5,8,8,5,5,2,8,6,5,4,4,4,0,6,4,2,7,5,3,3,3,0,0,2
7,2,2,2,4,3,7,8,1,2,2,2,2,0,0,5,2,6,3,4,3,2,5,0,7,9,4,6,0,1,6,1,4,1,7,3,3,2,4,0,7,8,3,2,3,1,4,2
0,0,1,1,5,1,1,3,1,2,1,4,1,2,2,2,4,1,0,16,3,1,0,2,3,5,7,3,1,0,5,1,2,7,1,1,4,6,2,4,0,1,3,3,0,0,0,0
1,2,0,2,2,2,4,7,1,1,3,1,2,0,0,4,4,2,1,52,3,1,0,0,5,6,1,6,4,0,8,5,5,4,2,3,0,7,3,3,6,2,3,2,1,0,0,3
0,1,1,0,10,3,2,1,1,2,0,4,2,6,4,1,0,0,0,40,3,1,0,3,3,8,4,6,1,4,4,1,4,4,1,1,0,7,5,4,0,1,3,4,0,0,0,2
4,2,1,2,2,1,4,8,1,2,3,2,1,0,0,5,1,5,3,53,2,1,6,0,6,9,2,6,6,2,8,7,6,4,2,3,4,4,4,0,7,1,3,3,3,1,2,3
8,3,2,1,4,3,0,2,1,1,1,2,0,2,2,1,0,6,4,50,2,1,0,2,2,9,3,6,7,2,8,8,6,6,1,4,2,4,2,0,3,0,3,3,3,2,5,4
0,4,0,1,7,3,1,2,1,2,0,4,1,3,3,1,3,2,1,44,1,0,0,6,7,4,7,2,5,2,8,6,2,5,1,2,2,7,2,4,3,2,3,5,0,0,0,2
6,1,2,2,5,1,6,8,1,3,2,4,1,0,0,5,0,6,4,0,2,2,0,0,7,5,2,5,8,3,3,4,4,2,6,5,3,2,2,0,3,6,3,1,3,2,2,2
0,0,1,0,4,2,1,2,1,2,0,5,2,5,5,2,1,0,2,48,3,1,0,3,3,0,1,0,4,1,8,5,0,4,1,3,3,6,4,3,7,1,3,2,2,0,0,3
3,4,0,2,8,4,6,8,1,2,1,4,2,0,0,5,0,2,5,32,2,0,0,0,6,8,1,6,1,2,8,2,4,4,6,5,5,4,4,0,2,7,3,1,3,2,4,3
0,2,2,1,4,2,1,3,1,0,1,2,0,1,1,2,4,0,0,42,3,0,2,1,3,3,7,2,7,0,6,6,2,4,0,1,2,7,3,4,1,0,3,3,0,0,0,2
8,1,0,4,4,0,1,6,1,2,4,2,1,0,0,4,1,5,4,26,3,1,0,0,4,9,6,6,5,3,8,6,6,5,5,2,5,6,3,4,7,7,3,2,1,0,0,1
4,0,2,2,6,4,7,8,1,3,2,4,3,0,0,5,2,3,3,55,3,1,0,0,6,3,6,2,2,0,8,3,1,5,3,4,4,8,2,4,7,6,3,3,0,0,0,2
0,3,0,0,5,1,1,2,1,2,0,5,2,4,4,1,4,1,1,4,2,1,4,2,3,3,7,2,5,0,8,6,2,2,2,1,3,6,3,4,0,2,3,3,0,0,0,2
4,0,0,2,1,1,1,5,1,2,3,2,0,0,0,3,1,4,4,66,0,0,0,0,3,5,8,3,3,0,8,4,2,8,4,3,3,3,5,1,2,2,3,4,3,1,2,2
4,1,1,2,4,1,4,7,1,2,2,3,1,0,0,4,3,4,3,37,3,1,0,0,5,1,8,0,2,0,8,3,0,5,2,3,3,5,4,1,5,1,3,4,3,0,0,2
2,4,1,1,4,4,1,3,1,1,1,4,1,2,2,2,0,2,3,31,1,0,0,2,4,3,0,4,2,4,5,2,3,4,2,3,1,6,5,3,4,2,3,2,2,0,0,3
5,0,0,3,5,4,4,8,1,2,3,2,2,0,0,5,0,5,4,43,2,1,0,0,7,3,4,2,1,1,5,1,1,4,3,4,5,6,2,1,0,3,3,3,3,0,1,0
0,1,1,1,6,3,1,2,1,1,1,2,1,3,2,1,4,0,0,35,4,2,4,2,2,8,3,6,1,0,8,2,4,4,0,1,1,6,5,4,3,0,3,3,0,0,0,3
8,3,0,2,7,2,7,8,1,2,1,4,1,0,0,5,3,6,3,14,1,0,3,0,7,1,7,0,1,0,7,2,0,2,3,5,4,8,1,4,7,6,3,1,1,0,0,1
3,4,1,2,8,2,3,4,1,2,1,4,2,2,2,3,0,2,5,38,1,0,0,2,4,4,0,6,0,4,5,0,3,4,7,3,5,2,4,0,0,8,3,1,3,1,4,0
0,1,1,0,3,0,0,1,1,1,1,4,1,5,4,1,0,1,3,55,3,1,0,6,5,2,6,1,7,4,6,6,1,5,5,3,5,5,2,2,3,6,3,4,3,0,1,0
6,4,1,2,2,4,7,8,1,3,3,3,1,0,0,5,0,5,3,38,1,2,0,0,6,3,8,1,2,6,1,0,0,3,2,4,3,6,4,2,3,2,3,2,3,0,0,3
8,4,0,2,7,2,7,8,1,2,1,4,1,0,0,5,3,6,3,53,2,1,2,0,6,0,0,1,3,0,8,4,1,4,4,3,3,6,4,3,7,5,3,4,2,0,0,2
5,3,1,3,7,4,5,8,1,3,2,4,2,0,0,5,2,4,4,19,2,0,1,0,6,4,4,3,4,0,8,5,3,4,5,4,1,3,5,0,5,4,3,3,3,1,4,3
5,2,1,2,1,2,2,6,1,2,3,2,2,1,1,4,4,5,2,37,3,1,1,1,5,9,5,6,7,0,3,4,5,4,3,3,1,6,4,4,7,3,3,0,2,0,0,3
7,3,2,2,1,3,7,8,1,2,3,1,1,0,0,5,4,6,2,32,3,0,6,0,7,8,3,6,2,0,8,3,5,4,2,4,4,6,5,2,7,2,3,3,3,0,0,0
1,2,0,2,3,3,4,7,1,2,3,1,2,0,0,4,3,2,2,62,2,1,4,0,5,3,5,2,0,1,8,1,1,4,3,2,1,4,3,2,7,2,3,5,3,0,0,3
0,2,2,0,10,2,1,0,1,2,0,5,2,6,5,0,3,1,1,33,2,2,4,5,4,4,2,4,1,2,8,2,3,3,2,3,5,8,4,4,0,4,3,3,0,0,0,1
3,4,1,2,8,2,4,6,1,1,1,3,1,0,0,4,4,3,3,14,2,0,0,0,4,6,6,4,0,0,7,1,2,1,4,3,3,5,3,1,3,4,3,2,3,0,1,1
7,3,1,2,10,3,1,2,1,3,0,5,2,4,4,1,3,5,3,24,4,2,1,4,4,0,7,0,1,2,8,2,0,3,2,4,2,7,6,3,2,3,3,3,1,0,0,3
8,0,0,2,1,2,4,8,1,1,3,1,1,0,0,5,0,4,4,28,4,0,0,0,7,9,3,6,8,7,3,4,5,5,4,5,5,6,4,1,2,5,3,4,3,1,2,0
6,4,1,2,1,0,1,5,1,4,3,4,3,3,3,3,3,4,3,38,1,2,2,3,6,6,5,5,4,1,8,5,5,4,4,3,4,6,5,3,0,5,3,3,2,0,0,2
7,0,0,3,8,4,2,5,1,3,2,4,2,2,2,3,1,6,4,34,4,1,5,0,3,6,6,4,4,1,5,4,3,0,5,3,3,5,2,2,7,6,3,0,3,0,1,2
4,1,2,1,1,3,3,6,1,3,2,3,2,0,0,4,3,5,1,0,0,1,2,0,4,0,3,0,4,0,3,3,0,3,3,2,3,5,1,3,7,2,3,3,3,0,0,1
2,4,2,0,7,4,2,2,1,2,0,5,2,5,5,2,2,1,4,53,1,2,0,5,5,3,3,3,2,0,8,3,2,4,6,2,3,6,4,4,2,8,3,3,1,0,0,2
8,2,1,2,10,1,1,2,1,2,0,5,1,4,4,1,4,5,3,33,1,2,0,4,4,1,7,0,5,1,4,4,0,4,2,4,1,6,4,2,2,2,3,4,3,0,0,3
3,3,2,1,6,1,0,1,1,1,1,4,1,4,4,1,2,2,1,40,3,1,0,4,3,6,6,4,7,0,8,8,4,4,1,1,3,7,5,4,3,1,3,3,0,0,0,3
5,3,1,3,1,2,6,8,1,2,4,1,2,0,0,5,3,6,3,12,4,0,3,0,7,6,5,5,8,0,5,6,5,5,2,6,4,7,3,0,7,3,3,5,3,1,4,2
8,0,2,1,8,3,7,8,1,2,0,4,2,0,0,5,0,6,4,51,2,2,4,0,7,6,7,4,3,3,8,4,3,4,4,6,3,6,4,0,1,5,3,1,3,2,5,3
3,2,0,2,6,3,7,8,1,2,2,2,1,0,0,5,4,3,2,35,4,2,0,0,6,1,2,1,5,0,3,3,1,4,2,2,5,6,5,4,7,2,3,5,1,0,0,0
8,4,1,3,2,3,7,8,1,1,4,0,1,0,0,5,4,4,2,3,2,1,6,0,6,6,8,3,6,0,8,7,3,6,4,3,1,5,1,1,7,4,3,3,3,1,1,3
8,4,2,2,3,4,7,8,1,1,3,2,1,0,0,5,2,6,4,40,3,0,0,1,8,8,8,5,6,0,8,6,5,4,5,4,3,3,5,0,4,4,3,1,3,1,4,2
3,2,2,5,10,0,1,5,1,2,4,2,1,0,0,3,2,3,3,17,2,2,4,0,3,1,0,2,1,1,5,1,1,6,1,5,0,6,2,0,7,1,3,4,3,1,3,3
8,1,1,2,6,3,7,8,1,2,2,2,2,0,0,5,3,6,3,19,2,2,0,0,7,1,4,1,3,0,4,3,1,4,4,2,5,7,4,4,2,7,3,4,0,0,0,0
6,2,0,3,6,1,0,3,1,3,3,3,2,3,3,2,2,4,3,57,1,0,1,3,4,3,7,2,5,3,7,5,2,4,4,2,0,4,1,2,4,3,3,4,3,0,1,3
6,4,2,1,1,3,7,8,1,3,2,3,2,0,0,5,2,5,3,28,5,1,5,0,7,0,2,0,4,2,8,5,0,4,6,3,5,5,4,1,7,8,3,2,3,0,0,1
7,0,2,2,0,4,5,8,1,2,4,1,1,0,0,5,0,4,3,46,4,2,0,0,7,5,5,4,3,5,3,2,3,4,3,3,3,8,5,4,5,6,3,5,0,0,0,2
8,2,2,1,8,0,0,1,1,2,0,6,1,4,4,1,2,6,3,34,4,1,0,5,5,4,0,6,3,0,8,4,5,0,6,3,2,3,2,0,4,7,3,1,3,1,4,2
8,1,0,2,5,1,3,6,1,2,2,3,1,0,0,4,4,6,2,37,3,2,0,0,4,1,3,1,5,0,8,6,1,5,4,2,5,5,4,3,6,4,3,3,3,0,0,0
0,4,2,1,10,2,1,1,1,3,0,6,2,6,6,1,0,0,3,22,3,1,0,4,4,4,3,4,6,3,8,7,4,6,2,4,0,5,4,1,1,2,3,4,3,1,2,3
4,3,1,2,2,0,2,6,1,2,3,3,1,0,0,4,3,5,4,13,4,1,1,0,4,6,0,6,3,1,8,4,5,3,7,1,3,3,6,3,3,8,3,1,3,0,0,2
6,2,2,2,5,0,1,4,1,3,2,5,2,3,3,3,0,6,3,45,2,0,0,3,5,0,5,0,0,3,8,1,0,6,4,2,3,7,3,4,4,6,3,3,0,0,0,1
6,4,0,3,9,1,2,4,1,3,2,4,2,2,2,3,2,5,3,15,1,2,4,2,4,6,2,6,7,0,8,8,6,4,5,2,3,4,3,1,3,5,3,2,3,0,0,2
7,3,2,1,9,0,1,1,1,1,0,5,1,4,4,1,2,5,3,36,2,0,2,1,0,3,7,2,2,0,8,3,1,4,2,1,5,5,2,4,7,2,3,2,1,0,0,0
5,4,1,2,10,2,5,6,1,3,0,6,3,2,2,4,4,6,3,36,1,1,0,3,7,2,6,1,1,0,8,2,0,4,3,4,5,7,2,4,4,5,3,4,3,0,0,0
3,4,1,2,1,3,7,8,1,2,3,1,1,0,0,5,0,3,4,56,2,2,3,0,7,6,5,5,1,4,3,1,3,3,6,5,2,2,4,0,1,6,3,2,3,2,2,2
1,0,0,2,1,3,0,4,1,2,3,1,2,2,1,2,0,1,2,13,4,2,0,1,3,5,5,4,4,3,8,5,4,3,3,1,5,5,5,4,5,2,3,4,1,0,0,0
2,3,1,1,10,4,1,1,1,1,0,5,1,4,4,1,4,3,1,10,3,1,2,3,2,2,5,1,8,0,8,9,1,5,0,1,5,6,2,4,0,0,3,4,0,0,0,0
0,1,2,1,4,2,0,2,1,1,1,3,1,3,3,1,1,2,3,7,3,0,3,1,1,9,5,6,5,1,5,4,5,3,2,3,1,1,1,0,5,0,3,2,3,2,4,5
2,2,0,0,6,0,0,0,1,1,0,5,1,5,5,0,3,2,2,3,2,1,4,2,1,9,4,6,1,0,8,2,4,4,2,2,1,3,2,1,5,1,3,2,3,1,1,3
1,2,0,2,3,4,4,7,1,2,3,2,2,0,0,4,0,4,5,63,3,1,0,0,5,8,7,5,3,4,8,4,4,4,7,3,4,0,4,0,0,6,3,1,3,2,4,2
0,4,2,0,8,1,0,0,1,2,0,5,1,6,5,0,1,0,1,24,3,1,5,1,0,0,4,0,7,2,8,8,0,2,0,3,0,6,6,4,0,0,3,2,2,0,0,3
1,3,2,1,0,1,4,7,1,2,3,2,1,0,0,4,2,3,3,5,1,1,0,0,5,2,7,1,5,2,8,6,1,3,3,4,4,6,4,2,7,3,3,1,3,0,0,1
8,4,0,2,5,3,7,8,1,1,2,1,2,0,0,5,1,5,3,23,5,1,2,0,7,1,5,0,1,3,8,2,0,4,2,4,4,5,5,0,6,1,3,3,3,1,2,1
8,3,2,2,4,1,4,7,1,1,2,3,1,0,0,4,2,6,3,57,1,0,0,0,5,3,3,3,0,3,5,0,1,4,5,3,4,3,1,0,7,4,3,3,3,1,4,2
2,4,0,1,8,0,0,1,1,1,0,5,1,4,4,1,4,2,0,37,2,1,0,4,4,6,0,6,1,5,4,1,4,5,3,0,5,8,4,4,0,6,3,3,0,0,0,0
3,3,2,2,0,3,6,8,1,2,4,0,3,0,0,5,0,2,1,16,2,1,1,0,7,7,4,6,8,2,4,5,5,7,2,2,4,6,2,4,7,2,3,4,1,0,0,1
1,0,0,2,10,2,3,4,1,2,0,5,2,3,3,3,4,4,2,36,3,0,2,1,3,4,0,6,4,1,8,5,5,4,3,2,5,6,2,4,6,3,3,3,1,0,0,1
1,0,1,2,6,2,3,5,1,2,2,3,1,0,0,3,3,3,3,22,2,0,1,0,3,4,1,4,7,2,4,4,3,5,3,2,3,3,4,1,4,2,3,4,3,0,1,3
7,2,1,1,8,2,3,3,1,2,0,5,2,3,3,2,3,5,2,18,4,2,0,3,4,5,0,6,5,0,8,6,6,4,3,2,3,5,3,3,4,2,3,5,3,0,0,3
3,0,1,2,7,2,3,5,1,2,1,4,1,1,1,3,3,3,3,41,3,1,2,0,3,9,2,6,4,0,6,4,5,5,5,3,2,3,3,0,7,4,3,2,3,1,3,2
0,1,1,0,5,4,2,3,1,1,0,5,1,3,3,2,0,1,4,2,2,1,2,2,4,4,0,6,3,1,8,4,5,2,6,3,4,2,2,0,4,6,3,2,3,2,5,1
1,0,2,1,2,0,0,2,1,2,2,4,2,4,4,1,0,3,3,52,4,2,0,4,4,6,4,5,7,3,8,8,5,4,3,4,0,6,3,2,5,3,3,1,3,0,0,4
3,0,1,2,10,0,0,1,1,1,0,5,1,4,4,1,0,2,5,38,0,2,0,4,4,5,3,4,1,4,5,1,2,4,5,4,2,5,4,0,2,6,3,3,3,1,2,3
7,2,1,2,10,2,4,5,1,2,0,5,1,0,0,3,1,5,4,9,2,1,0,0,3,7,0,6,7,4,8,7,6,4,5,3,0,3,4,0,3,4,3,1,3,1,3,4
4,4,1,2,1,2,5,8,1,2,3,2,2,0,0,5,0,4,4,13,4,1,4,0,7,2,7,1,2,2,8,3,0,3,5,4,3,5,4,0,7,6,3,2,3,1,2,2
6,0,0,3,7,3,7,8,1,4,2,3,4,0,0,5,1,6,3,53,2,1,0,0,7,2,2,2,8,1,8,9,2,5,3,4,5,5,4,0,6,2,3,2,3,1,2,0
8,2,2,2,0,2,5,8,1,1,4,0,1,0,0,5,2,4,3,32,2,1,0,0,7,9,2,6,7,0,7,7,6,5,6,4,3,4,4,0,6,7,3,1,3,1,4,1
3,4,0,2,5,3,2,5,1,2,2,2,1,0,0,3,1,4,4,60,3,2,5,0,3,1,3,1,3,4,8,4,1,3,4,1,5,5,3,4,4,4,3,1,1,0,0,1
5,4,1,1,0,2,3,6,1,2,3,2,0,0,0,4,1,5,3,1,2,2,4,0,4,9,8,5,2,0,8,3,4,4,1,2,3,5,3,2,6,1,3,3,3,0,0,3
1,0,1,2,4,1,4,7,1,1,2,3,1,0,0,4,3,1,0,25,3,2,4,0,5,0,3,0,7,0,8,8,0,3,2,0,5,7,3,4,7,2,3,3,0,0,0,0
4,4,1,3,3,3,3,7,1,3,4,1,2,0,0,4,4,4,3,27,1,0,3,0,5,7,6,5,1,0,8,2,4,1,6,4,0,3,3,0,5,7,3,1,3,2,5,4
0,0,0,1,8,4,2,3,1,2,0,5,2,3,3,2,3,0,2,17,2,1,1,3,4,6,0,6,5,0,8,6,6,6,3,3,4,6,1,3,5,3,3,5,3,0,0,1
0,0,2,1,6,0,0,1,1,2,1,5,1,4,4,1,0,1,1,30,2,0,0,2,2,4,6,3,7,6,4,4,2,2,0,2,5,4,3,1,1,0,3,2,3,0,0,0
4,4,0,4,4,3,5,8,1,3,4,1,2,0,0,5,2,3,3,61,2,2,1,0,6,3,1,3,7,0,8,8,3,5,3,4,1,5,4,0,6,2,3,3,3,1,2,4
3,4,1,1,5,2,3,5,1,2,1,4,2,2,2,3,2,3,3,29,4,2,1,2,5,3,2,3,5,1,8,6,3,4,5,4,4,5,6,2,7,6,3,1,3,1,1,1
4,4,0,3,2,3,4,8,1,2,4,0,1,0,0,5,1,4,2,14,2,1,4,0,6,2,3,2,7,2,7,7,2,3,5,1,4,5,3,4,6,6,3,2,1,0,0,0
1,3,2,1,6,0,1,2,1,2,1,5,1,4,4,1,0,2,4,42,3,0,0,5,5,0,3,0,4,2,8,5,0,5,2,6,1,3,3,0,7,1,3,2,3,1,1,3
2,4,2,0,7,4,1,1,1,1,0,5,1,4,4,1,3,3,3,31,2,2,2,4,4,6,2,6,6,0,8,7,6,5,3,4,4,6,4,2,1,3,3,3,3,0,0,1
3,0,0,1,2,3,6,8,1,2,2,2,1,0,0,5,1,4,4,33,2,0,1,0,6,6,5,5,3,4,5,3,4,3,5,4,2,5,4,0,2,6,3,2,3,1,2,2
4,1,2,2,5,4,6,8,1,3,2,4,2,0,0,5,3,5,3,57,1,0,0,0,6,2,8,0,2,0,5,2,0,5,2,5,3,7,1,2,6,3,3,3,3,0,1,3
6,1,2,1,1,2,6,8,1,4,2,4,2,0,0,5,1,5,4,30,0,2,0,0,6,3,4,2,5,6,6,5,2,3,5,4,0,3,2,0,0,4,3,2,3,2,5,4
6,2,0,2,8,4,7,8,1,3,1,5,1,0,0,5,1,5,2,58,2,1,0,0,6,5,5,4,5,4,4,4,3,3,3,3,4,6,4,2,7,3,3,4,2,0,0,2
6,2,0,2,6,2,7,8,1,3,2,4,2,0,0,5,4,5,1,46,5,1,2,0,7,4,6,3,5,1,2,2,2,4,5,2,4,6,6,4,7,7,3,3,0,0,0,2
0,0,1,0,3,4,2,3,1,1,1,4,1,3,3,2,1,1,3,7,3,1,5,1,3,7,6,5,2,0,6,3,4,3,3,4,1,6,1,2,4,3,3,1,3,1,1,3
5,4,0,3,7,1,2,5,1,3,2,4,2,2,2,3,4,3,3,61,2,1,3,0,3,4,6,3,0,0,8,1,2,3,3,4,4,6,3,2,6,3,3,2,3,0,0,2
6,3,1,2,3,3,0,3,1,3,3,2,3,4,2,2,4,6,3,1,2,2,3,2,3,6,7,4,1,2,8,2,3,5,5,2,1,2,5,0,6,3,3,3,3,1,1,3
2,3,2,0,8,4,2,1,1,2,0,5,1,4,4,1,0,2,4,4,2,0,0,5,5,7,1,6,8,6,4,5,5,3,6,1,0,1,4,2,1,5,3,3,3,1,1,3
5,2,0,2,1,2,3,7,1,3,3,3,2,0,0,4,2,4,3,15,1,0,0,0,5,8,7,5,2,1,8,3,4,4,4,3,1,3,3,0,5,2,3,1,3,1,3,3
0,4,0,0,8,2,1,0,1,1,0,4,1,5,4,0,2,0,0,29,3,1,0,4,2,2,4,1,5,3,4,4,1,4,1,2,4,6,4,3,3,1,3,3,1,0,0,2
1,2,2,1,6,4,4,5,1,1,1,4,1,0,0,3,2,2,1,37,3,0,0,0,3,8,2,6,8,0,8,9,6,5,2,2,1,5,4,3,7,1,3,1,3,0,0,2
6,4,1,2,10,4,5,6,1,4,0,7,3,1,1,4,1,5,4,33,2,1,1,1,6,0,2,0,1,1,3,1,0,4,3,5,5,7,5,2,2,5,3,1,3,0,0,1
7,4,2,2,2,2,1,5,1,2,3,2,1,0,0,3,3,4,3,56,2,2,1,0,3,6,5,5,0,0,8,1,3,5,3,4,2,6,4,2,6,3,3,1,3,0,0,2
4,4,0,3,10,4,5,7,1,2,1,4,1,0,0,4,3,4,3,4,2,2,0,0,5,3,1,3,0,0,8,1,2,2,4,4,1,7,3,3,3,7,3,4,2,0,0,2
1,1,2,1,5,1,1,2,1,1,1,4,1,3,3,1,3,2,3,64,3,1,0,2,3,6,4,5,8,4,6,7,5,2,4,4,1,3,4,0,4,2,3,1,3,2,4,3
8,4,0,3,2,0,2,7,1,1,4,1,1,0,0,4,1,5,5,17,2,0,2,0,5,0,6,0,5,2,6,5,0,5,5,4,5,6,2,1,1,7,3,3,3,0,1,0
8,2,0,1,6,0,1,2,1,1,1,4,1,3,3,1,4,6,3,59,2,2,3,3,4,3,3,3,4,0,8,5,3,5,5,2,1,3,4,1,6,4,3,4,3,0,1,4
4,4,2,2,8,0,1,2,1,2,1,5,1,3,3,1,1,6,4,63,2,2,0,3,3,4,2,4,8,4,8,9,4,4,5,3,2,4,5,1,2,5,3,2,3,1,1,3
7,3,2,2,9,4,7,8,1,3,1,5,2,0,0,5,0,5,5,32,2,0,0,0,6,3,6,2,6,5,4,4,2,4,5,3,1,3,4,0,6,4,3,2,3,1,3,3
3,1,1,2,3,0,0,3,1,1,3,2,0,1,1,2,3,2,1,47,4,1,5,0,1,2,8,0,1,2,8,2,0,3,0,2,0,3,6,2,5,0,3,2,3,0,0,4
5,4,0,2,9,1,3,4,1,2,1,4,1,2,2,3,4,6,3,29,2,2,6,2,5,5,1,6,4,2,8,5,5,4,4,3,3,4,4,0,2,3,3,2,3,1,2,2
2,0,2,1,3,3,3,5,1,2,2,2,2,1,1,3,4,3,2,30,2,0,1,2,5,8,1,6,1,0,8,2,4,1,3,2,4,7,4,4,0,4,3,2,0,0,0,0
4,3,2,2,2,3,3,6,1,4,3,2,3,2,2,4,0,3,3,4,2,1,0,3,7,2,6,1,1,4,3,1,0,2,4,6,2,4,3,0,7,3,3,2,3,1,2,2
4,4,2,2,10,2,4,5,1,3,0,6,3,3,3,3,0,5,4,8,2,0,3,0,3,2,3,2,4,3,8,5,2,5,3,5,5,6,2,0,4,3,3,2,3,1,3,1
2,4,2,1,3,3,2,4,1,1,2,1,0,0,0,2,2,1,0,7,3,0,0,0,2,4,6,3,5,1,7,5,3,3,0,1,3,7,1,4,3,0,3,4,0,0,0,1
2,4,0,0,2,4,2,3,1,1,1,4,1,3,3,2,4,3,2,45,2,2,0,3,5,1,4,1,4,0,7,4,1,4,1,3,1,6,3,4,0,1,3,3,3,0,0,2
8,0,1,3,8,1,3,5,1,2,2,3,2,2,2,3,4,4,2,10,3,1,1,2,5,6,1,6,6,0,5,5,5,4,5,2,0,5,3,3,7,6,3,2,3,0,0,5
1,4,1,1,9,4,7,7,1,2,0,5,2,0,0,4,3,3,3,41,3,2,0,0,5,3,8,1,5,0,8,6,1,4,4,3,5,7,4,4,6,6,3,2,1,0,0,1
7,2,1,3,7,1,4,7,1,3,2,4,2,0,0,4,2,6,4,59,2,2,0,0,5,9,3,6,8,3,8,8,6,3,6,2,1,3,4,1,6,7,3,0,3,1,1,3
0,3,2,0,6,0,0,0,1,0,0,4,0,4,4,0,3,0,1,46,4,1,0,4,2,8,4,6,2,0,8,3,5,5,1,1,1,4,5,4,3,0,3,5,2,0,0,2
2,1,1,1,8,1,0,1,1,0,0,4,0,3,3,0,2,2,1,1,1,1,0,3,3,6,0,6,3,3,5,3,5,6,2,1,0,5,4,4,0,1,3,3,1,0,0,3
1,0,1,1,2,2,3,5,1,2,2,3,1,0,0,3,0,3,5,20,1,1,0,0,3,4,7,2,3,5,2,2,1,2,6,2,4,3,1,1,5,7,3,2,3,1,2,1
4,1,1,2,0,2,3,7,1,2,4,1,2,0,0,4,4,4,2,32,3,2,1,0,5,6,7,4,0,0,7,1,2,3,3,2,3,5,4,3,7,2,3,3,3,0,0,2
4,2,0,3,3,4,7,8,1,2,4,1,2,0,0,5,2,4,3,22,3,1,2,0,7,8,1,6,8,5,5,6,6,5,4,6,4,6,4,0,3,5,3,2,3,2,5,1
0,4,1,0,4,2,1,2,1,1,0,4,1,4,4,1,1,0,3,57,2,1,0,3,4,3,2,3,6,1,5,5,3,5,4,2,4,6,2,4,5,5,3,3,1,0,0,1
4,0,0,2,5,3,2,4,1,2,2,2,2,3,2,3,2,3,2,51,2,0,0,1,3,2,2,2,6,0,5,5,2,3,3,2,5,6,3,4,6,3,3,3,1,0,0,1
1,0,1,1,10,4,3,3,1,1,0,5,1,3,3,2,2,2,3,50,3,1,0,2,3,9,8,5,3,1,8,4,4,6,4,5,4,2,2,0,4,2,3,3,3,2,2,2
3,0,1,1,7,1,4,5,1,2,0,5,1,1,1,3,3,4,1,27,3,0,4,0,3,7,2,6,5,1,5,4,5,2,2,2,1,5,3,3,5,1,3,1,3,0,0,3
5,2,2,2,6,4,3,5,1,2,2,3,1,1,1,3,2,4,2,7,3,0,0,0,3,7,4,6,3,0,8,4,5,2,4,2,4,4,1,1,7,3,3,1,3,0,1,2
4,3,2,2,1,0,0,4,1,2,3,3,2,3,3,3,0,5,5,31,1,2,0,3,5,9,5,6,7,5,6,6,6,5,6,3,2,3,4,0,2,7,3,1,3,1,3,4
8,1,0,2,9,2,7,8,1,2,3,2,1,0,0,5,1,5,4,45,1,2,0,0,6,5,2,5,1,0,8,2,4,5,5,4,4,3,3,0,6,4,3,3,3,2,5,3
7,3,0,1,6,0,0,1,1,1,1,4,1,5,4,1,1,5,4,4,2,1,0,3,3,7,5,6,7,0,8,8,6,2,5,3,1,3,3,0,5,4,3,1,3,1,3,4
4,3,2,2,6,4,7,8,1,1,2,3,0,0,0,5,4,5,2,37,3,0,6,0,6,8,2,6,1,0,8,2,4,4,4,3,1,5,5,2,7,4,3,3,3,0,0,4
3,1,1,2,0,1,1,5,1,2,4,1,1,0,0,3,1,1,1,26,2,1,0,0,3,2,2,2,4,2,8,5,2,6,2,1,5,5,3,4,4,2,3,3,1,0,0,0
1,1,0,2,4,2,3,6,1,1,2,2,1,0,0,4,0,4,3,33,2,1,0,0,4,8,7,5,8,3,5,6,5,4,4,2,4,7,3,4,2,6,3,1,0,0,0,1
4,1,2,2,8,3,7,8,1,2,1,3,0,0,0,5,4,4,3,33,2,0,0,0,7,6,3,5,7,2,6,6,5,4,5,4,0,4,4,0,7,5,3,3,3,1,4,5
4,2,0,3,6,0,2,5,1,1,3,2,1,1,1,3,0,5,5,23,5,1,0,1,4,0,6,0,4,4,8,5,0,4,5,5,2,4,5,0,2,5,3,2,3,2,4,3
7,1,2,2,5,2,3,5,1,2,2,3,1,0,0,3,3,6,3,26,2,1,6,0,3,5,1,6,2,0,8,3,5,5,3,3,2,4,4,1,6,2,3,2,3,1,2,3
4,4,1,3,2,2,6,8,1,2,4,1,1,0,0,5,4,4,3,13,3,2,0,0,6,5,0,6,7,1,5,5,5,3,5,3,2,6,5,3,6,7,3,3,2,0,0,3
8,3,1,2,6,1,3,5,1,1,2,3,0,0,0,3,3,6,3,6,1,0,2,0,3,1,3,1,2,0,4,2,0,4,2,4,3,4,4,0,4,1,3,2,3,1,4,2
2,0,0,0,5,3,3,4,1,2,0,4,2,3,3,3,3,0,0,53,1,1,1,3,5,8,8,5,7,0,8,8,5,4,1,1,2,6,4,4,2,1,3,7,0,0,0,1
5,2,0,2,10,2,0,1,1,2,0,5,2,5,5,1,0,6,3,14,1,2,0,5,5,5,4,4,2,3,3,2,3,2,6,4,4,4,2,0,3,7,3,1,3,2,5,2
6,1,0,3,0,3,7,8,1,3,5,0,3,0,0,5,1,4,4,49,1,1,4,0,7,7,8,4,8,1,6,7,4,5,6,3,2,3,4,0,4,7,3,1,3,1,3,3
2,1,1,0,10,2,1,0,1,2,0,5,2,7,5,0,4,2,2,13,3,1,2,5,4,6,6,4,2,0,8,3,3,4,3,1,3,6,5,4,2,3,3,3,0,0,0,3
5,1,1,1,2,3,3,5,1,3,2,3,2,1,1,3,2,5,4,58,2,0,2,0,3,9,2,6,6,0,4,4,5,4,6,4,2,2,5,0,4,6,3,1,3,2,4,3
4,0,2,1,8,3,7,8,1,2,0,4,1,0,0,5,4,5,3,49,1,0,2,0,7,2,1,2,7,0,8,8,2,5,4,4,1,5,4,0,4,4,3,5,3,1,2,3
3,0,0,2,3,3,5,8,1,1,3,0,2,0,0,5,3,2,1,61,2,0,1,0,7,5,8,3,1,1,7,2,2,4,3,3,2,7,4,4,7,5,3,4,1,0,0,3
5,4,1,2,6,4,7,8,1,2,2,3,1,0,0,5,3,5,3,17,2,2,4,0,6,9,8,5,1,0,4,1,3,5,5,2,1,4,2,2,6,5,3,2,3,0,1,3
6,2,2,1,6,4,7,8,1,3,1,5,2,0,0,5,3,5,3,50,1,1,0,0,7,7,0,6,0,1,8,1,4,6,3,5,1,7,1,3,4,4,3,2,3,0,1,4
7,3,2,1,0,0,1,4,1,1,3,2,2,3,2,3,1,6,4,0,0,0,4,0,2,0,4,0,8,4,4,5,0,2,5,2,5,2,1,0,0,3,3,1,3,1,3,0
5,0,0,3,4,1,1,5,1,3,3,3,2,2,2,3,1,5,3,50,3,1,5,1,4,5,5,4,0,0,5,0,2,6,2,3,3,6,2,3,4,2,3,6,3,0,0,2
0,4,1,1,7,1,1,2,1,2,0,5,0,2,2,1,1,0,1,53,2,1,3,1,2,2,4,1,2,2,8,3,0,3,0,2,3,7,4,4,3,0,3,6,0,0,0,2
6,2,2,1,3,4,3,5,1,2,2,3,1,1,1,3,3,4,4,1,2,2,3,1,4,2,0,3,4,0,8,5,3,5,5,3,5,3,5,0,6,4,3,2,3,1,2,0
8,3,0,2,6,3,5,7,1,1,2,1,1,0,0,4,1,6,4,0,0,2,0,0,5,3,3,3,2,6,2,1,2,2,5,3,4,6,3,3,1,7,3,2,3,0,0,2
0,4,2,1,1,3,3,6,1,1,2,1,1,0,0,4,1,0,1,35,4,0,1,0,4,0,2,0,1,1,8,2,0,4,1,3,4,8,1,4,7,2,3,2,0,0,0,1
4,3,0,3,5,3,4,8,1,2,3,1,2,0,0,5,4,4,3,42,3,2,3,0,7,3,4,2,7,0,8,8,2,4,1,5,1,6,3,0,7,1,3,4,3,1,2,3
3,3,0,2,7,4,7,8,1,3,1,5,1,0,0,5,3,2,3,16,1,2,4,0,6,7,3,6,6,3,4,4,5,6,1,4,3,6,2,1,6,1,3,3,3,0,1,2
2,3,0,0,1,1,1,3,1,1,1,4,1,2,2,2,2,2,2,8,1,0,0,4,5,3,5,2,1,1,8,2,1,5,2,4,2,6,1,1,0,2,3,4,3,1,1,3
0,0,0,0,3,0,0,1,1,1,1,4,1,4,4,1,1,2,1,39,5,2,6,4,3,5,6,4,0,3,6,1,2,5,4,1,3,4,3,3,4,3,3,3,2,0,0,2
1,3,0,2,4,0,0,3,1,1,2,3,0,1,1,2,3,4,3,29,2,0,0,1,2,8,6,6,1,0,6,2,4,4,2,2,5,4,5,2,5,1,3,3,3,0,0,0
1,3,2,1,2,4,6,8,1,2,2,3,2,0,0,5,3,3,3,8,0,1,3,0,7,7,2,6,0,0,3,0,3,5,2,4,1,7,1,3,1,2,3,3,3,0,0,3
3,1,2,1,6,2,3,4,1,2,1,4,2,3,3,3,0,3,3,59,2,0,0,3,5,3,0,4,2,4,4,2,3,4,5,5,2,4,4,0,3,5,3,3,3,2,4,3
0,1,2,0,0,0,0,2,1,2,2,4,3,5,4,1,4,1,0,36,3,0,1,5,5,4,5,3,3,1,8,4,2,4,1,1,1,7,2,4,1,2,3,4,0,0,0,3
0,4,2,1,7,0,0,1,1,1,0,5,1,5,5,1,3,0,1,56,2,1,0,6,6,0,8,0,6,1,5,5,0,5,3,3,3,6,3,3,0,3,3,4,3,0,0,2
2,1,1,0,8,1,1,1,1,1,0,5,1,5,5,1,4,2,1,51,2,0,0,5,4,0,8,0,4,0,6,4,0,4,5,1,4,4,5,4,2,5,3,2,2,0,0,2
2,3,1,1,8,1,0,0,1,0,0,4,0,4,4,0,2,3,3,41,3,2,0,4,2,3,6,2,7,0,7,7,2,4,2,1,2,4,3,3,3,1,3,2,2,0,0,2
6,0,1,2,4,1,3,6,1,3,2,4,2,0,0,4,3,4,2,64,2,2,4,0,4,0,2,0,6,0,8,7,0,3,3,3,3,5,4,2,6,2,3,2,3,0,0,2
6,2,1,3,1,2,7,8,1,3,4,2,2,0,0,5,1,5,4,43,3,2,0,0,7,8,5,6,7,2,7,7,6,5,5,5,5,4,3,0,7,5,3,3,3,2,4,1
3,2,1,2,3,2,3,6,1,2,3,2,2,1,1,4,2,2,3,54,2,2,0,1,5,0,5,0,6,1,8,7,0,5,3,4,5,6,4,2,6,3,3,3,3,0,0,0
8,2,0,2,10,4,7,8,1,1,0,5,0,0,0,5,1,5,3,66,3,1,0,0,6,4,3,4,5,3,4,4,3,2,2,4,3,6,0,1,7,2,3,1,3,1,2,1
1,3,0,2,10,2,3,4,1,2,0,5,1,1,1,2,3,4,3,20,1,2,0,1,3,5,3,4,3,0,8,4,3,2,5,4,5,4,2,0,0,5,3,1,3,2,5,1
3,4,1,1,2,3,5,8,1,3,2,3,3,0,0,5,4,3,2,24,3,0,4,0,6,9,5,6,2,2,8,3,5,3,3,4,0,6,6,2,7,3,3,2,3,0,0,3
1,3,1,1,6,1,3,4,1,1,1,4,1,1,1,2,0,4,4,16,1,1,0,1,3,2,1,2,0,4,5,0,0,7,2,5,0,3,2,0,2,1,3,3,3,2,3,5
1,1,2,2,1,2,4,8,1,2,3,2,1,0,0,5,3,3,2,17,2,2,3,0,6,7,3,6,5,0,8,6,6,5,5,4,4,1,1,0,7,2,3,1,3,2,3,1
5,2,0,3,0,3,7,8,1,3,5,0,2,0,0,5,2,4,4,19,2,0,4,0,6,9,8,5,1,2,4,1,3,5,3,4,5,6,5,3,6,3,3,4,3,0,0,1
3,3,0,1,9,0,0,0,1,1,0,5,0,4,4,0,4,2,2,13,3,0,2,2,1,4,7,2,0,0,8,1,1,4,3,1,4,3,5,3,4,2,3,2,3,0,0,0
6,3,0,2,2,1,4,7,1,3,3,3,3,1,1,5,4,5,1,42,3,2,0,1,6,9,7,6,2,0,6,3,5,5,1,1,0,7,3,4,7,1,3,5,0,0,0,3
8,3,2,1,9,3,0,0,1,1,0,3,1,5,3,0,0,6,5,54,2,0,0,4,3,7,5,6,4,5,3,3,5,5,5,4,3,3,3,0,0,4,3,1,3,2,4,3
8,1,1,2,10,3,2,3,1,3,0,5,3,4,4,2,2,6,3,53,2,0,0,3,4,1,8,0,0,0,5,0,0,4,3,2,1,5,5,3,3,2,3,4,2,0,0,3
0,1,0,1,1,1,1,4,1,1,2,3,2,2,2,3,2,1,3,24,2,2,0,2,5,9,6,6,6,2,6,6,6,3,7,2,4,0,6,0,5,6,3,2,3,1,3,1
3,0,2,1,4,3,5,7,1,1,1,2,1,0,0,4,0,1,3,54,2,1,0,0,5,8,5,6,1,5,6,2,4,4,3,5,2,5,4,0,6,2,3,3,3,1,4,3
5,1,1,3,7,0,1,4,1,2,2,4,1,1,1,2,1,6,4,54,1,1,0,1,3,5,5,4,7,2,8,8,4,4,3,5,3,3,4,0,5,2,3,1,3,2,3,2
1,4,1,1,0,1,1,4,1,1,3,2,0,0,0,2,2,4,4,15,1,1,0,0,2,0,5,0,8,0,8,9,0,4,3,3,3,3,3,0,1,2,3,1,3,1,3,2
6,3,2,2,6,1,2,4,1,4,2,5,2,3,3,3,4,2,0,16,1,1,5,1,3,2,2,2,3,0,8,4,2,8,1,2,4,5,3,3,6,1,3,4,3,0,0,0
7,4,1,2,5,2,3,6,1,3,2,4,2,0,0,4,0,4,4,55,3,0,1,0,4,1,5,0,6,3,8,7,0,5,3,4,3,5,2,0,3,2,3,3,3,1,3,2
7,0,0,2,0,2,4,8,1,2,4,1,2,0,0,5,4,5,3,21,3,2,3,0,6,3,8,1,7,0,6,6,1,6,2,2,3,7,2,4,2,2,3,4,0,0,0,2
5,2,1,2,0,4,1,5,1,2,4,1,3,2,1,3,0,5,5,47,3,2,0,1,5,0,5,0,2,7,5,2,0,4,7,2,0,1,5,0,2,7,3,1,3,1,2,4
8,4,2,2,9,3,3,4,1,2,1,3,1,1,1,2,3,6,3,57,0,2,0,1,3,0,5,0,5,0,8,6,0,4,1,3,5,7,1,4,4,2,3,4,1,0,0,0
5,3,2,1,4,0,1,3,1,3,1,6,2,3,3,2,3,4,3,1,1,0,0,5,6,1,1,1,6,0,8,7,1,6,2,2,1,5,4,3,3,1,3,5,3,0,0,2
6,1,1,3,7,4,4,7,1,2,2,3,2,0,0,4,2,6,4,38,1,1,1,0,5,2,8,0,8,2,4,5,0,5,5,2,5,6,4,4,7,7,3,3,1,0,0,0
4,3,2,2,9,2,4,5,1,3,1,5,3,2,2,3,4,5,2,30,2,2,0,2,5,0,8,0,8,1,5,6,0,2,1,5,1,5,3,0,7,1,3,1,3,2,5,2
2,4,1,0,10,1,1,0,1,2,0,5,2,7,5,0,0,2,4,56,2,0,0,3,2,2,7,1,6,3,7,6,1,4,2,4,3,5,3,0,3,1,3,3,3,1,12,2
3,2,1,1,3,3,6,8,1,2,2,2,2,0,0,5,3,3,3,36,3,2,0,0,7,6,4,5,0,0,6,1,3,4,6,3,3,5,2,2,7,8,3,3,3,0,1,2
2,0,0,0,8,0,0,0,1,1,0,5,2,6,5,0,3,2,3,52,3,0,6,0,0,8,0,6,6,0,6,6,6,3,1,4,5,2,4,0,2,0,3,1,3,2,4,0
3,0,1,2,4,1,3,6,1,2,2,3,1,0,0,4,3,1,0,33,2,2,1,0,4,4,5,3,6,0,8,6,3,2,1,1,3,6,4,4,7,1,3,4,0,0,0,2
0,2,2,0,5,3,2,3,1,1,0,3,1,2,2,2,4,0,0,43,3,0,0,1,3,3,5,2,7,0,8,7,2,4,2,1,3,4,1,3,7,1,3,3,3,0,0,1
2,0,0,1,4,3,0,2,1,2,1,3,2,4,3,1,3,2,2,61,2,1,4,2,3,6,6,4,4,0,8,5,4,5,1,4,5,5,3,0,5,1,3,2,3,1,3,0
8,4,0,2,7,1,1,3,1,2,1,4,2,4,4,2,2,6,4,52,3,1,4,0,1,8,4,6,7,0,3,4,5,4,4,4,4,4,4,0,7,3,3,2,3,1,4,2
2,4,1,1,10,3,2,2,1,1,0,3,1,4,3,1,1,2,3,23,5,0,6,0,0,8,4,6,2,4,5,2,4,5,0,2,5,5,5,3,5,0,3,3,2,0,0,1
2,0,1,1,10,4,1,1,1,1,0,5,2,5,5,1,1,3,3,12,4,1,0,6,5,4,4,3,6,3,8,7,3,4,3,4,1,5,4,0,6,2,3,3,3,1,2,3
0,1,2,0,10,0,0,0,1,1,0,5,1,6,5,0,4,0,0,35,4,0,4,0,0,6,4,5,1,0,8,2,4,4,0,1,4,4,4,3,2,0,3,3,2,0,0,1
4,3,2,1,5,2,4,6,1,3,1,5,2,1,1,4,1,3,4,3,2,0,0,0,4,4,8,2,2,4,4,2,1,5,5,3,3,5,3,1,2,6,3,2,3,0,1,2
8,3,2,1,9,1,4,4,1,2,0,5,2,3,3,3,4,6,3,22,3,2,0,3,6,4,3,4,2,0,8,3,3,6,4,2,5,6,3,4,6,5,3,4,1,0,0,0
2,2,2,1,0,3,1,4,1,1,3,0,1,1,0,2,0,2,5,19,3,2,0,0,2,4,4,3,4,2,8,5,3,4,4,5,5,4,5,0,3,3,3,1,3,2,4,0
5,4,2,2,9,2,7,8,1,2,1,4,1,0,0,5,1,4,4,27,2,0,0,1,8,0,3,0,4,3,8,5,0,2,5,5,4,4,3,0,3,5,3,3,3,2,4,1
0,4,2,0,7,4,2,2,1,2,0,5,1,4,4,1,4,2,3,61,1,1,0,4,5,2,4,1,7,3,8,8,1,4,2,4,3,6,3,2,3,2,3,4,3,0,0,2
0,2,0,1,7,1,3,4,1,1,0,5,0,0,0,2,0,0,3,21,2,2,1,0,2,4,7,2,0,6,8,1,1,8,0,3,1,6,2,3,0,0,3,5,3,0,0,4
2,4,2,1,10,2,1,1,1,2,0,5,1,5,5,1,3,2,0,25,2,0,1,8,8,6,3,5,6,4,8,7,5,3,3,2,5,7,2,4,0,5,3,3,0,0,0,0
5,1,2,1,3,2,0,2,1,2,2,3,2,5,3,1,0,5,4,55,3,0,3,0,0,5,1,6,4,2,6,4,5,5,0,3,4,2,2,0,6,0,3,2,3,2,5,1
0,3,1,1,6,2,1,2,1,1,1,3,1,4,3,1,4,1,1,59,2,2,3,3,3,6,1,6,8,0,3,4,5,5,5,1,4,4,3,4,2,5,3,2,2,0,0,1
7,2,1,1,8,0,1,2,1,2,0,6,1,3,3,1,2,5,3,26,2,1,0,2,2,7,3,6,6,1,8,7,6,6,3,2,5,5,3,3,1,2,3,2,3,0,0,1
0,0,2,1,9,4,2,2,1,2,0,5,2,5,5,2,4,0,3,30,2,0,1,9,9,7,0,6,0,0,8,1,4,2,3,4,0,5,3,0,2,2,3,4,3,1,3,5
4,0,1,1,7,1,5,6,1,1,0,5,0,0,0,4,1,4,1,61,3,0,1,2,6,7,6,5,5,5,6,5,5,4,3,3,1,4,3,2,7,2,3,2,3,1,2,4
2,2,1,1,8,1,1,1,1,1,0,5,1,4,4,1,1,4,4,15,1,1,5,1,1,1,2,1,0,4,6,1,0,4,3,5,1,3,3,0,1,2,3,1,3,2,3,4
2,2,0,0,1,3,3,5,1,1,1,2,1,0,0,3,4,2,1,26,1,0,2,0,3,5,8,3,8,0,8,9,3,5,3,2,0,5,2,4,7,2,3,4,3,0,0,4
2,3,2,1,1,1,0,3,1,1,2,3,1,3,3,2,0,1,4,55,3,2,0,3,5,9,3,6,7,2,5,5,5,5,6,3,1,4,3,0,4,7,3,1,3,1,2,4
4,4,2,2,9,2,5,6,1,3,1,5,3,1,1,4,4,6,2,12,5,2,3,1,5,6,7,4,6,0,8,7,4,4,5,2,2,3,2,0,7,4,3,2,3,1,1,2
4,4,1,2,0,4,1,5,1,2,4,1,2,2,1,3,3,4,2,55,3,1,3,0,3,0,5,0,7,4,5,5,0,5,2,2,1,6,1,3,5,2,3,4,1,0,0,3
4,1,1,2,7,0,1,3,1,2,1,5,1,3,3,2,2,3,3,61,3,1,2,1,2,5,0,6,3,2,8,4,5,5,5,4,3,0,2,0,5,2,3,1,3,1,2,4
1,2,1,1,5,2,4,5,1,2,1,4,1,1,1,3,3,3,3,26,2,1,0,1,4,7,7,5,4,0,3,3,4,5,5,4,1,5,3,0,2,6,3,1,3,1,3,3
6,4,0,3,5,3,4,7,1,3,3,2,2,0,0,4,4,5,1,41,3,2,0,0,5,4,2,4,2,0,8,3,3,4,3,1,2,5,5,4,7,2,3,4,1,0,0,3
3,2,0,2,10,0,1,2,1,1,0,5,1,4,4,1,3,1,0,56,2,2,2,4,4,2,5,1,2,0,6,3,1,4,1,0,2,6,5,4,2,1,3,5,0,0,0,3
1,2,1,1,7,2,3,4,1,1,0,4,1,2,2,3,2,3,4,29,3,1,1,1,4,5,2,5,3,2,8,4,4,4,5,5,3,4,6,0,3,5,3,1,3,2,4,2
3,0,1,2,5,0,0,2,1,2,2,4,1,4,4,1,1,3,3,53,2,0,0,7,7,3,7,2,5,1,8,6,2,4,2,2,4,8,4,4,2,4,3,4,0,0,0,1
6,1,0,4,5,2,6,8,1,3,4,2,3,0,0,5,4,4,3,32,1,1,2,0,6,7,1,6,7,0,5,5,5,4,5,3,3,5,4,2,6,6,3,2,3,0,0,2
4,4,1,2,10,4,5,6,1,1,0,5,1,0,0,4,1,5,4,66,6,1,5,0,4,5,7,3,3,1,7,4,2,6,4,4,0,3,5,0,4,2,3,3,3,1,4,4
8,0,2,2,6,4,7,8,1,3,2,4,3,0,0,5,4,6,3,22,2,1,3,0,6,1,5,0,8,0,8,9,0,5,3,4,5,8,4,4,5,6,3,4,0,0,0,0
1,1,2,1,10,3,7,7,1,2,0,4,1,0,0,4,1,2,3,29,3,1,0,0,5,4,0,6,2,2,8,3,5,4,5,2,4,5,5,3,5,6,3,2,2,0,0,2
2,2,0,1,7,2,0,1,1,2,0,5,1,4,4,1,4,2,3,42,3,1,0,6,6,7,1,6,8,0,8,9,6,6,3,4,0,6,3,2,7,3,3,3,3,0,0,4
8,0,1,2,6,1,3,5,1,2,2,3,2,2,2,3,3,6,3,54,3,1,0,2,6,1,8,0,7,0,5,5,0,3,4,6,3,6,5,0,7,5,3,3,3,2,4,2
7,4,2,2,6,0,1,3,1,2,2,4,1,3,3,2,4,6,3,57,1,2,2,3,5,3,7,2,7,0,8,7,2,4,5,3,3,5,0,2,1,6,3,3,3,1,2,2
7,3,2,2,0,3,7,8,1,2,4,0,1,0,0,5,1,5,4,13,3,1,0,0,6,8,4,6,5,1,8,6,6,3,6,3,5,5,4,1,6,8,3,2,3,0,0,1
1,4,0,3,2,2,3,8,1,2,4,1,2,0,0,5,0,3,4,30,0,2,3,0,7,4,3,4,3,4,6,3,3,2,4,6,3,6,3,0,5,5,3,1,3,2,5,3
4,3,2,1,7,4,2,3,1,1,0,5,1,3,3,2,1,3,3,45,2,2,1,3,4,9,7,6,4,0,8,5,5,5,4,3,4,5,1,0,7,4,3,3,3,1,1,2
3,3,2,1,3,0,1,3,1,1,2,3,1,2,2,2,1,2,3,38,2,2,0,2,3,7,7,5,6,3,8,7,5,3,3,2,3,2,4,0,3,1,3,3,3,1,2,4
1,2,2,2,9,4,4,5,1,1,1,4,1,1,1,3,4,3,3,43,3,0,6,0,3,2,7,1,8,3,5,6,1,5,1,3,4,6,3,4,5,1,3,3,3,0,0,2
6,1,2,1,0,4,6,8,1,4,3,4,3,0,0,5,2,5,3,61,2,1,0,0,6,0,6,0,1,0,8,2,0,3,3,4,1,6,3,2,7,3,3,2,3,0,0,4
8,4,0,3,1,3,6,8,1,2,4,0,1,0,0,5,0,6,5,64,3,2,0,0,6,0,6,0,0,5,8,1,0,3,6,4,1,2,4,0,1,6,3,2,3,2,4,4
7,2,2,2,9,2,5,6,1,2,1,4,2,1,1,4,2,6,3,58,3,0,4,0,4,1,8,0,5,1,4,4,0,3,3,2,3,4,3,1,7,2,3,3,3,0,0,2
1,1,0,2,9,3,0,1,1,2,1,3,2,6,3,0,2,4,4,6,2,1,0,4,3,0,0,1,8,0,6,7,1,4,4,2,3,5,4,4,4,4,3,3,3,0,0,2
3,2,1,2,4,2,3,6,1,2,2,3,1,0,0,4,0,3,4,0,1,2,0,0,4,8,2,6,5,2,8,6,6,2,3,4,2,6,2,1,2,3,3,1,3,0,1,3
5,1,2,2,8,0,1,2,1,2,1,5,1,3,3,1,0,5,5,9,1,2,0,3,3,8,6,6,4,3,8,5,5,4,4,6,3,3,4,0,0,2,3,1,3,1,1,1
2,4,2,0,3,2,1,2,1,2,1,4,1,4,4,1,3,1,1,57,0,0,0,6,6,6,5,5,5,1,3,3,4,4,5,4,5,5,1,0,1,6,3,1,3,1,4,0
2,1,0,0,1,3,2,4,1,1,1,2,1,2,2,3,4,3,2,14,0,1,2,0,2,7,4,6,1,3,6,2,4,2,2,1,5,3,2,2,5,1,3,4,3,0,0,0
7,4,1,2,3,1,3,6,1,2,3,2,1,0,0,4,4,4,2,35,5,0,4,0,4,0,5,0,1,0,8,2,0,5,1,5,2,6,5,0,7,1,3,4,3,1,2,3
4,2,2,2,3,1,3,6,1,2,3,2,1,0,0,4,0,4,2,28,5,0,0,0,4,8,0,6,8,5,2,3,5,3,5,4,2,6,4,2,6,7,3,1,3,0,0,4
6,4,1,2,3,2,7,8,1,2,3,2,2,0,0,5,1,5,4,58,3,2,0,0,7,1,1,1,2,0,8,3,1,3,5,4,3,6,3,2,6,7,3,1,3,0,0,2
0,4,0,1,10,1,1,1,1,1,0,5,1,5,5,1,2,0,3,66,8,2,0,5,4,5,3,4,1,0,8,2,3,6,2,4,0,6,2,1,7,2,3,4,3,0,1,4
4,0,2,2,2,2,5,8,1,3,3,3,2,0,0,5,3,4,1,42,3,1,0,0,6,2,0,3,7,0,5,5,3,5,2,4,1,7,3,3,7,2,3,4,2,0,0,3
8,4,2,1,7,0,0,1,1,2,0,6,1,5,5,1,0,4,4,6,2,0,0,4,3,4,0,6,3,0,6,3,5,4,4,2,4,3,5,0,6,2,3,2,3,0,0,1
5,1,1,3,9,3,7,8,1,2,2,2,1,0,0,5,4,5,1,26,2,2,0,0,7,8,4,6,6,0,8,7,6,5,3,3,1,5,3,1,7,2,3,4,3,0,1,3
7,0,0,3,2,1,4,8,1,1,4,1,1,0,0,5,3,5,3,62,3,0,6,0,7,7,2,6,8,0,8,8,6,4,5,3,0,5,5,2,4,6,3,2,3,0,0,4
2,3,1,0,9,2,1,0,1,1,0,4,1,5,4,0,0,2,5,41,3,1,0,4,2,0,5,0,5,3,8,6,0,4,4,5,0,2,5,0,0,2,3,1,3,2,3,3
6,3,1,2,6,1,1,3,1,2,2,3,2,3,3,2,4,4,3,16,2,2,3,3,5,5,8,3,1,0,8,2,2,6,5,3,1,4,2,0,5,5,3,3,3,1,3,4
4,2,1,2,0,1,0,4,1,2,4,1,1,1,1,2,1,4,5,10,4,0,6,0,2,7,7,5,7,3,5,5,5,5,4,4,3,4,3,0,0,3,3,1,3,1,4,3
4,4,1,3,10,0,1,3,1,2,1,5,1,2,2,2,0,4,3,4,1,1,1,2,4,2,3,2,1,5,3,1,1,2,2,2,4,7,2,4,6,3,3,3,0,0,0,1
0,4,0,0,6,1,1,1,1,1,0,5,1,4,4,1,3,1,0,29,3,2,0,4,3,6,1,6,6,2,6,6,6,4,0,1,2,7,5,4,4,0,3,4,0,0,0,2
3,2,2,1,9,0,0,0,1,2,0,6,2,6,6,0,2,2,1,18,3,0,0,9,7,9,5,6,3,0,8,4,5,4,1,2,1,7,2,4,3,1,3,4,0,0,0,3
8,0,0,2,10,4,7,8,1,3,0,6,3,0,0,5,2,5,3,41,3,1,6,0,6,9,4,6,0,2,8,1,4,5,2,4,0,5,5,1,7,1,3,3,3,1,2,4
8,2,1,2,5,4,7,8,1,1,2,3,1,0,0,5,2,5,3,15,1,2,0,0,7,7,2,6,6,1,8,7,6,4,5,4,2,6,3,2,7,7,3,1,3,0,0,3
1,4,1,2,3,0,1,4,1,1,3,2,1,2,2,3,0,1,1,50,2,0,6,0,2,5,5,4,1,3,8,2,3,6,0,1,5,7,1,4,7,0,3,4,0,0,0,1
3,1,1,2,1,0,1,5,1,2,3,3,2,2,2,3,3,2,3,8,0,2,3,2,5,4,7,2,1,0,7,2,1,4,2,6,4,7,1,0,2,3,3,2,3,1,5,0
7,3,0,3,6,4,4,7,1,2,3,2,1,0,0,4,1,5,3,12,5,2,3,0,5,8,3,6,6,1,8,7,6,4,6,1,4,5,3,4,5,8,3,2,1,0,0,1
8,4,1,2,0,0,1,5,1,1,4,1,1,1,1,3,1,5,4,54,1,1,0,1,5,7,5,6,5,1,8,6,6,3,6,3,5,3,5,0,0,7,3,2,3,1,2,1
5,0,2,2,9,1,3,4,1,2,1,4,2,2,2,3,0,3,4,45,2,0,3,0,2,7,2,6,3,2,7,4,5,6,3,4,3,6,2,2,4,3,3,1,3,0,1,2
5,3,2,2,5,4,7,8,1,2,2,3,1,0,0,5,1,4,4,27,2,1,0,1,8,0,0,1,3,0,8,4,1,2,5,4,4,5,3,0,5,6,3,2,3,1,3,3
1,3,1,1,5,3,6,8,1,1,1,2,1,0,0,5,3,5,2,9,1,0,4,0,7,9,0,6,1,0,8,2,4,4,1,4,5,8,4,4,7,2,3,3,0,0,0,0
5,1,2,2,6,3,4,6,1,3,2,3,1,0,0,4,0,5,4,44,2,0,0,1,6,5,7,3,0,3,8,1,2,5,5,3,5,4,3,1,4,5,3,3,3,1,2,0
5,3,0,2,6,3,6,8,1,2,2,2,2,0,0,5,4,4,3,32,2,2,1,0,7,9,5,6,0,0,8,1,4,4,5,2,5,6,4,4,4,7,3,4,1,0,0,0
8,0,1,1,5,3,7,8,1,2,1,3,1,0,0,5,4,5,3,49,1,1,0,0,6,7,7,5,7,0,8,8,5,5,6,3,2,2,4,0,5,6,3,2,3,1,4,2
1,3,2,1,1,2,3,6,1,2,2,3,1,0,0,4,0,2,5,55,4,2,0,0,4,5,6,4,1,3,8,2,3,5,5,2,4,4,2,2,6,5,3,3,3,0,1,1
1,4,1,2,8,4,3,4,1,1,1,4,1,2,2,3,3,3,3,11,1,1,1,3,5,1,6,0,7,0,5,5,0,2,3,5,2,5,3,0,7,2,3,1,3,2,5,4
5,1,1,2,5,2,7,8,1,3,2,4,2,0,0,5,2,5,3,19,2,0,0,1,8,6,5,5,8,0,8,9,5,3,6,3,1,3,5,0,7,7,3,2,3,1,2,2
1,1,1,2,10,4,3,4,1,2,0,5,2,2,2,3,0,3,4,36,3,0,6,0,2,3,6,2,7,1,8,8,2,3,4,2,0,3,2,1,3,2,3,3,3,1,1,4
3,3,2,1,8,2,3,3,1,2,0,5,1,2,2,2,0,1,2,36,3,0,0,1,3,5,8,3,5,2,5,4,2,5,2,4,0,6,2,1,6,2,3,3,3,0,1,5
1,1,2,1,0,1,4,7,1,0,3,1,0,0,0,4,0,4,4,56,3,1,0,0,5,1,6,0,7,3,8,8,0,4,2,6,5,6,4,0,5,2,3,4,3,2,5,1
1,1,1,1,4,0,1,3,1,1,1,4,1,2,2,2,0,3,4,8,1,1,0,2,3,8,2,6,0,3,7,1,4,6,6,3,1,3,1,0,2,7,3,2,3,1,4,4
2,4,0,0,9,2,2,1,1,1,0,4,1,4,4,1,0,3,4,55,3,1,0,4,4,9,2,6,2,4,5,2,4,5,5,3,3,5,2,1,3,6,3,3,3,0,1,2
2,4,1,0,4,0,0,1,1,1,0,5,1,5,5,1,3,2,4,13,4,0,5,0,0,0,4,0,2,0,8,3,0,2,2,4,5,3,5,0,6,1,3,1,3,1,4,0
5,1,2,1,4,4,5,7,1,2,1,4,1,0,0,4,2,4,3,43,2,0,0,0,5,0,3,0,4,0,8,5,0,7,2,5,5,6,2,0,5,2,3,4,3,1,3,0
7,4,2,1,5,3,0,2,1,2,1,3,2,5,3,1,1,5,3,33,2,1,2,2,2,3,6,2,8,3,8,9,2,3,1,3,1,6,3,3,3,1,3,3,3,0,0,3
8,4,0,1,8,3,7,8,1,3,0,5,3,0,0,5,3,6,4,46,4,0,0,0,6,3,1,3,2,3,8,3,2,4,4,4,4,6,5,3,4,5,3,5,3,0,0,2
0,3,1,1,6,3,0,1,1,2,1,3,2,5,3,0,0,0,1,27,2,2,1,3,3,8,0,6,0,4,4,0,3,2,2,3,3,5,2,2,6,1,3,1,3,0,1,1
8,4,2,2,9,4,5,6,1,2,1,4,2,0,0,4,2,6,3,28,4,1,3,0,4,3,3,3,8,3,8,9,3,4,4,3,2,6,4,3,7,5,3,3,2,0,0,2
3,1,2,1,9,4,5,5,1,2,0,5,2,2,2,3,4,2,2,34,3,1,0,1,5,0,8,0,0,0,8,1,0,0,5,3,0,4,2,0,7,5,3,3,3,1,3,4
8,0,2,2,1,2,5,8,1,2,3,2,2,0,0,5,2,6,3,15,2,0,1,0,7,3,3,3,4,1,8,5,3,4,5,3,1,5,3,2,4,6,3,4,3,0,1,5
3,4,1,1,0,3,7,8,1,2,3,1,2,0,0,5,0,3,3,7,3,0,0,0,6,5,7,3,0,3,5,0,1,3,4,5,3,6,1,0,4,5,3,2,3,1,4,2
0,3,0,0,8,2,1,0,1,1,0,4,1,5,4,0,3,1,0,40,4,0,4,0,0,6,6,4,6,0,8,7,4,4,3,1,0,1,6,1,2,1,3,2,3,0,0,2
6,1,1,2,1,1,3,7,1,2,3,2,0,0,0,4,1,6,4,39,5,0,0,0,5,7,4,6,6,1,8,7,6,5,6,2,4,5,2,3,7,8,3,2,3,0,0,1
3,2,0,1,9,3,2,2,1,1,0,3,1,3,3,1,2,2,3,62,3,2,0,3,4,2,8,0,3,1,8,4,0,3,2,3,3,5,5,2,5,1,3,3,3,0,0,1
5,1,0,3,10,2,6,8,1,2,1,4,1,0,0,5,1,6,5,14,1,1,0,0,7,4,3,4,7,0,8,8,4,2,5,6,0,6,2,0,0,7,3,2,3,2,5,4
1,1,2,1,2,3,6,8,1,2,2,2,3,0,0,5,0,3,5,17,2,2,0,0,6,9,5,6,1,3,8,2,4,5,5,4,5,6,2,2,1,7,3,3,3,0,1,0
8,0,2,3,10,2,7,8,1,2,1,4,1,0,0,5,4,5,3,40,2,1,2,0,7,2,5,1,3,0,4,3,1,5,2,5,5,8,5,4,3,4,3,3,1,0,0,1
0,3,2,1,5,1,1,2,1,2,1,4,2,5,4,1,4,0,0,13,4,0,3,0,0,0,6,0,2,0,6,3,0,3,0,0,1,3,5,4,4,0,3,2,1,0,0,2
8,0,1,3,6,4,7,8,1,1,3,2,1,0,0,5,2,6,4,35,4,2,0,0,7,0,5,0,5,0,8,6,0,4,1,5,5,7,4,3,5,1,3,2,3,0,0,0
0,2,0,0,7,4,2,2,1,1,0,5,1,3,3,1,1,1,2,63,3,2,0,3,3,5,4,4,3,2,8,4,3,4,3,2,0,5,5,4,4,2,3,4,2,0,0,3
6,3,1,2,8,4,6,7,1,4,1,6,3,0,0,4,3,4,3,64,2,0,0,0,5,0,3,0,5,0,8,6,0,3,4,4,1,6,4,3,6,5,3,2,3,0,0,4
3,3,1,2,5,4,3,5,1,1,2,3,1,1,1,3,0,2,5,11,1,0,2,1,5,0,8,0,8,2,8,9,0,2,6,5,1,2,3,0,2,6,3,1,3,2,2,4
0,4,0,0,0,1,0,2,1,1,2,3,1,4,3,1,0,1,3,30,1,0,3,0,0,9,7,6,5,1,8,6,6,2,2,5,5,4,3,0,3,1,3,1,3,2,4,1
0,3,1,0,7,0,0,0,1,1,0,5,1,5,5,0,2,0,2,57,1,1,5,2,0,5,2,5,7,0,8,7,5,3,0,4,4,5,1,0,3,0,3,3,3,1,4,2
1,2,0,2,2,2,3,7,1,2,3,2,2,0,0,4,4,2,2,6,2,2,0,0,5,7,2,6,0,3,8,1,4,4,3,1,4,8,4,4,3,6,3,4,0,0,0,1
2,3,1,1,1,4,1,4,1,1,2,3,1,2,2,3,0,2,4,41,3,2,0,2,4,5,4,4,5,2,7,5,4,5,6,4,4,2,4,0,7,6,3,1,3,2,4,1
6,2,1,2,4,1,2,5,1,3,2,4,1,1,1,3,1,6,4,5,2,2,0,1,5,6,1,6,8,0,8,9,6,4,6,5,0,4,4,0,1,7,3,2,3,2,4,4
6,1,0,4,1,4,5,8,1,2,5,0,1,0,0,5,1,6,3,41,3,1,0,0,7,8,0,6,4,1,8,5,5,4,4,5,3,5,4,0,7,4,3,4,3,1,4,2
6,0,1,2,7,1,3,5,1,2,1,4,1,1,1,3,0,5,4,46,5,2,0,1,4,7,1,6,4,4,3,3,5,4,6,3,3,2,6,0,7,6,3,2,3,1,3,3
0,2,0,0,1,4,2,4,1,1,1,4,1,2,2,3,0,1,3,49,1,0,0,2,4,8,0,6,3,1,8,4,5,5,4,4,0,3,3,0,3,2,3,4,3,2,5,3
4,2,2,1,5,3,7,8,1,2,1,3,0,0,0,5,4,4,2,48,2,1,0,0,7,2,0,3,7,0,5,5,3,4,5,3,5,5,3,2,7,6,3,2,3,0,1,1
2,2,2,0,4,2,1,2,1,2,0,5,1,4,4,1,0,2,3,44,2,0,0,4,4,2,2,2,0,2,8,1,1,5,3,5,3,6,4,0,4,3,3,2,3,1,2,3
1,2,0,1,5,3,6,7,1,2,1,3,2,0,0,4,0,2,2,31,1,1,0,1,7,6,2,6,8,2,8,8,6,4,2,4,2,8,4,4,3,4,3,4,0,0,0,3
8,3,1,2,4,3,5,8,1,1,2,1,1,0,0,5,4,4,1,28,5,1,0,0,7,6,2,6,3,1,7,4,5,5,4,1,0,7,3,4,7,6,3,5,0,0,0,3
2,3,1,0,3,0,0,1,1,2,1,5,1,4,4,1,0,2,2,49,1,0,0,7,6,4,2,4,3,4,3,2,3,4,4,4,1,6,3,2,0,5,3,4,3,0,0,2
1,1,1,2,2,4,3,7,1,2,3,2,1,0,0,4,4,3,1,13,4,2,6,0,5,4,3,4,1,0,3,1,2,3,2,1,5,7,5,4,7,2,3,3,0,0,0,0
4,4,0,3,5,0,0,4,1,2,3,3,1,2,2,3,4,4,3,49,1,1,1,2,5,2,5,1,1,0,8,2,0,5,3,4,0,5,4,0,7,2,3,3,3,1,2,3
5,0,0,2,7,1,3,5,1,2,1,4,2,2,2,3,3,5,3,43,2,1,0,1,5,0,5,0,2,0,8,3,0,5,2,5,0,7,1,1,5,3,3,4,3,0,1,4
7,0,1,1,0,1,1,4,1,2,3,2,2,3,2,3,2,6,4,28,4,0,0,2,4,2,8,0,1,0,8,2,0,5,4,6,2,2,4,0,7,2,3,2,3,1,0,3
1,4,1,1,0,4,4,7,1,2,3,2,1,0,0,4,4,3,3,52,3,2,0,0,5,8,0,6,7,0,8,7,6,4,3,6,4,6,4,0,7,3,3,3,3,2,5,3
0,4,0,0,0,1,0,2,1,2,2,3,1,3,3,1,2,1,3,64,4,1,2,2,2,7,6,5,2,0,3,2,4,3,2,4,5,6,4,2,5,2,3,2,3,0,0,1
8,2,1,2,1,0,1,5,1,1,3,2,0,0,0,3,3,6,3,49,1,1,0,0,3,2,3,2,5,1,8,6,2,5,3,2,3,4,5,3,4,2,3,2,3,0,0,2
5,4,2,1,6,0,0,1,1,1,1,4,0,3,3,0,2,5,4,15,2,2,0,3,2,9,7,6,2,0,5,2,4,3,3,2,4,5,3,3,2,2,3,2,3,0,0,1
4,2,0,4,10,2,2,5,1,3,2,4,2,2,2,3,2,5,4,19,2,0,2,1,5,3,8,1,2,3,8,3,0,4,4,4,1,4,4,0,7,3,3,1,3,1,4,4
2,1,1,1,10,3,1,1,1,2,0,4,1,5,4,1,3,1,0,24,2,2,0,4,3,4,5,3,8,2,6,6,3,3,1,0,4,7,6,4,0,1,3,2,0,0,0,0
7,1,0,3,1,3,7,8,1,2,4,0,2,0,0,5,1,5,4,23,5,2,0,0,6,8,7,5,8,5,4,5,5,4,6,2,3,2,5,1,7,6,3,2,3,1,1,2
0,4,2,0,7,2,1,1,1,2,0,5,2,6,5,1,1,0,1,32,1,1,0,4,3,5,6,4,2,1,8,3,3,4,4,2,0,5,4,3,6,4,3,2,3,0,0,4
1,0,1,2,0,3,1,5,1,2,4,0,1,1,0,3,2,2,4,39,4,2,0,0,3,5,2,5,8,0,7,8,5,6,2,3,2,5,3,2,6,2,3,4,3,0,1,3
4,3,0,1,5,0,1,3,1,2,1,5,1,3,3,2,2,4,2,43,3,1,1,1,2,3,8,1,7,0,6,6,1,4,2,2,5,6,2,4,6,2,3,5,1,0,0,0
2,3,0,0,3,0,0,1,1,0,1,3,0,3,3,0,2,3,3,27,2,2,3,3,3,2,6,1,1,3,7,2,0,2,2,3,3,5,4,2,6,2,3,4,3,0,0,4
1,1,2,1,8,4,7,8,1,2,0,5,1,0,0,5,4,4,3,55,2,0,3,0,7,6,3,5,6,0,6,6,5,5,6,3,0,1,2,0,7,5,3,2,3,2,4,3
0,1,0,1,5,2,1,3,1,1,1,3,0,1,1,2,1,0,1,25,2,0,5,0,1,6,8,3,1,0,4,1,2,4,0,1,0,5,2,4,1,0,3,3,1,0,0,4
6,2,1,2,8,3,7,8,1,4,1,4,2,0,0,5,4,5,3,23,6,1,0,0,6,6,1,6,6,0,8,7,6,4,4,3,3,5,4,2,6,4,3,2,3,0,0,2
2,0,0,0,5,4,2,2,1,0,0,4,0,2,2,1,1,2,4,45,1,0,6,0,0,7,4,6,0,2,3,0,3,4,2,5,2,3,2,0,1,1,3,2,3,2,3,2
4,0,2,1,6,4,0,1,1,2,1,4,3,6,4,1,1,4,3,13,4,2,0,4,4,1,4,1,2,3,5,2,0,3,2,6,2,4,5,0,7,1,3,2,3,1,2,2
7,0,2,2,6,0,2,4,1,1,2,3,1,2,2,3,3,4,3,27,2,1,1,1,3,5,1,6,3,1,8,4,5,2,3,5,5,3,5,0,7,2,3,1,3,2,3,0
4,4,1,2,10,0,1,2,1,1,0,5,1,4,4,1,1,3,2,14,1,0,0,5,6,1,7,0,6,4,5,5,0,2,3,2,2,6,2,4,2,3,3,4,1,0,0,1
7,0,2,2,8,1,4,5,1,1,1,4,1,1,1,3,0,5,5,29,3,2,0,1,4,5,0,6,5,3,5,4,5,4,6,3,5,5,5,3,0,8,3,2,3,0,0,1
7,0,2,2,9,4,7,8,1,1,1,4,0,0,0,5,4,5,2,31,2,0,3,0,7,3,8,1,2,0,8,3,0,5,4,3,4,5,3,1,7,4,3,3,3,0,1,1
1,0,0,1,1,2,4,7,1,2,2,3,1,0,0,4,1,4,2,8,1,2,0,0,5,9,4,6,8,4,3,4,5,6,2,2,4,6,1,4,2,2,3,5,1,0,0,3
5,0,2,2,7,0,3,5,1,2,1,5,2,2,2,3,1,5,3,38,0,2,5,2,6,4,4,3,3,2,8,4,2,4,4,2,2,5,3,4,2,4,3,3,3,0,0,2
5,2,0,2,9,1,4,5,1,2,1,4,3,2,2,3,0,5,4,0,1,0,0,4,7,3,7,2,0,6,2,0,1,2,5,4,3,5,1,0,2,6,3,3,3,1,4,2
6,3,0,3,9,4,5,7,1,4,2,5,4,1,1,5,4,5,3,40,4,0,1,0,5,1,8,0,2,0,8,3,0,4,2,3,2,6,5,4,7,2,3,4,2,0,0,2
2,2,1,0,10,2,1,0,1,2,0,5,0,4,4,0,1,2,4,50,3,0,4,1,0,4,6,3,2,2,8,3,2,6,2,4,5,4,2,0,2,1,3,2,3,2,5,0
7,0,0,2,7,3,0,2,1,2,1,3,1,3,3,1,3,6,4,27,2,2,0,3,3,0,8,0,3,0,6,3,0,3,5,3,5,2,3,0,3,3,3,2,3,1,4,1
7,0,2,2,10,4,4,5,1,1,0,5,1,1,1,3,3,5,2,65,5,1,0,2,5,6,4,5,0,0,8,1,3,5,2,4,1,7,4,3,7,3,3,3,2,0,0,3
4,2,0,3,0,2,7,8,1,3,5,1,3,0,0,5,0,4,5,19,2,0,0,0,7,6,4,5,7,2,8,7,5,4,7,6,3,1,5,0,5,7,3,1,3,1,0,1
4,0,1,2,3,0,1,4,1,2,3,3,2,3,3,3,2,5,4,25,3,2,2,3,5,0,5,0,7,0,8,8,0,3,2,5,2,6,2,0,2,2,3,3,3,1,3,3
0,2,2,1,5,1,0,2,1,1,1,4,1,3,3,1,2,1,4,66,8,1,0,3,3,8,8,5,3,0,7,4,4,2,4,4,4,3,4,0,7,2,3,1,3,2,4,0
1,4,2,1,1,3,3,6,1,2,2,2,1,0,0,4,4,4,3,18,2,1,0,0,4,2,1,2,1,0,6,2,1,4,1,3,2,6,2,3,3,1,3,3,3,0,0,2
0,4,0,1,10,3,2,2,1,1,0,3,2,5,3,1,2,2,2,1,2,2,3,3,3,0,0,1,0,1,5,0,0,5,1,3,3,6,4,3,4,1,3,3,2,0,0,2
4,0,0,2,3,3,7,8,1,1,3,0,1,0,0,5,1,3,2,1,2,2,1,0,7,8,4,6,4,2,5,4,5,5,2,2,0,6,4,4,7,2,3,5,1,0,0,2
4,3,0,2,2,4,5,8,1,2,3,2,2,0,0,5,0,5,4,56,1,2,0,0,7,6,7,4,0,3,7,1,2,3,5,6,2,6,4,0,6,7,3,3,3,2,5,2
3,4,2,2,2,0,0,3,1,1,3,2,1,2,2,2,2,4,4,57,1,2,1,2,3,5,2,5,5,1,8,6,5,4,6,4,4,3,1,0,3,7,3,2,3,2,5,2
6,2,0,3,6,2,6,8,1,3,3,3,3,0,0,5,4,5,1,51,1,2,4,0,6,4,7,2,3,3,8,4,2,4,2,3,5,6,4,3,7,2,3,3,2,0,0,0
5,4,0,3,8,4,7,8,1,2,2,3,2,0,0,5,2,5,4,5,2,2,1,0,7,4,6,3,6,0,8,7,3,4,5,3,3,3,4,0,3,4,3,4,3,1,3,3
5,3,1,2,0,3,0,4,1,2,4,0,1,2,0,2,1,5,4,13,5,2,1,0,2,2,7,1,6,1,7,6,1,3,3,4,2,4,4,0,7,2,3,3,3,1,4,1
2,1,2,1,6,0,0,1,1,1,1,4,1,4,4,1,0,2,5,32,2,1,1,4,3,1,7,0,7,4,5,5,0,3,7,2,1,0,4,0,4,6,3,1,3,1,4,5
4,0,1,2,9,1,3,4,1,2,1,4,1,1,1,2,2,5,3,48,2,2,1,1,4,1,5,0,8,2,8,9,0,4,3,3,0,4,5,0,3,2,3,1,3,1,1,4
8,2,2,2,6,3,5,7,1,2,2,2,1,0,0,4,2,6,3,37,3,2,3,0,5,2,8,0,8,0,6,7,0,5,3,2,4,8,4,4,6,6,3,4,0,0,0,1
6,0,0,2,5,0,1,4,1,4,2,5,3,3,3,3,1,5,4,30,1,0,0,5,7,1,5,0,8,2,8,9,0,2,5,4,1,4,3,0,7,5,3,2,3,1,4,4
3,2,2,1,6,0,1,2,1,1,1,4,1,4,4,1,2,2,4,8,1,0,0,4,4,5,0,6,2,0,8,3,5,4,4,4,3,5,0,0,3,4,3,2,3,1,4,3
5,0,0,3,2,0,1,6,1,2,4,2,1,0,0,4,4,6,2,59,1,0,2,0,4,4,4,3,7,0,8,7,3,4,2,1,5,8,4,4,7,4,3,4,0,0,0,0
3,0,2,2,8,3,5,6,1,2,1,3,1,0,0,4,2,2,1,34,4,1,0,0,4,5,2,5,7,1,8,8,5,0,2,3,3,6,3,3,7,2,3,1,3,0,0,1
2,4,0,0,0,2,2,4,1,2,2,3,2,2,2,3,4,2,3,0,0,1,6,0,2,5,4,4,0,0,7,1,2,1,3,2,2,5,2,3,5,2,3,1,3,0,0,3
3,3,0,1,10,3,2,2,1,2,0,4,1,3,3,1,3,2,3,48,1,0,0,3,4,2,0,3,4,0,4,3,2,4,3,4,3,6,4,0,7,3,3,2,3,0,0,2
2,3,1,0,3,4,1,2,1,2,1,4,2,4,4,1,2,3,2,51,2,2,2,4,9,0,4,0,4,0,4,3,0,4,2,4,3,8,5,4,1,4,3,6,0,0,0,2
8,1,2,1,9,1,2,2,1,2,0,5,1,4,4,1,1,5,4,35,4,1,2,4,5,1,4,1,4,4,7,4,1,3,3,4,3,5,4,0,4,2,3,2,3,1,2,2
8,3,1,2,3,0,0,3,1,2,3,3,2,3,3,2,4,5,3,14,1,2,3,3,4,3,1,3,4,0,3,3,2,2,4,2,5,6,3,4,6,5,3,2,1,0,0,0
6,0,2,1,3,2,5,7,1,2,2,3,2,0,0,4,4,5,3,66,2,0,0,1,7,5,8,3,1,0,8,2,2,6,4,6,4,7,0,0,7,7,3,3,3,1,5,2
6,0,2,2,1,4,4,8,1,3,3,3,1,0,0,5,1,5,4,46,4,1,0,0,7,7,8,4,6,2,8,7,4,4,5,6,2,5,5,0,6,6,3,1,3,2,3,3
1,2,1,2,5,2,2,5,1,2,2,3,0,0,0,3,2,4,2,53,2,1,0,0,3,7,5,6,5,0,6,5,5,4,3,3,3,4,5,0,6,2,3,1,3,1,1,2
8,3,0,4,10,0,2,5,1,2,2,4,1,1,1,3,0,5,4,41,3,0,0,0,3,0,6,0,5,3,8,6,0,5,4,3,5,4,3,1,3,3,3,2,3,1,2,1
6,0,2,2,1,2,5,8,1,3,3,3,2,0,0,5,3,4,3,16,3,1,2,0,6,1,7,0,1,3,8,2,0,8,2,3,2,7,3,4,7,3,3,5,1,0,0,4
0,1,1,0,8,2,1,0,1,2,0,5,1,6,5,0,0,1,2,60,4,2,0,5,3,6,8,3,4,4,5,4,2,3,5,3,5,4,4,0,3,5,3,2,3,1,2,1
5,1,2,2,9,3,6,7,1,2,1,3,1,0,0,4,2,5,3,46,3,2,0,0,5,2,5,1,1,0,7,2,0,4,3,5,5,6,4,0,7,3,3,2,3,1,2,1
4,2,1,2,2,2,5,8,1,1,3,1,2,0,0,5,3,4,2,66,8,2,0,0,7,4,6,3,4,0,2,2,2,7,2,4,3,7,6,4,7,3,3,4,1,0,0,1
2,2,1,1,4,3,2,4,1,1,1,2,1,2,2,3,3,2,3,30,1,1,3,1,4,9,3,6,6,0,5,5,5,1,5,3,5,4,4,1,5,5,3,2,3,1,2,0
0,2,2,1,0,1,1,4,1,1,3,2,0,0,0,2,2,0,1,25,2,0,5,0,2,4,6,3,6,3,8,7,3,3,3,4,0,5,2,0,0,2,3,3,3,1,3,3
0,4,1,0,7,0,0,0,1,2,0,6,2,6,6,0,1,0,0,39,5,0,1,7,5,9,6,6,7,4,5,5,5,5,2,1,0,6,3,4,0,2,3,3,0,0,0,4
3,4,2,1,0,4,5,8,1,2,3,2,1,0,0,5,2,2,4,0,2,2,4,0,6,6,2,6,4,0,8,5,5,2,7,2,1,0,3,0,4,6,3,1,3,2,4,4
8,0,0,2,6,0,0,2,1,2,2,4,2,5,4,1,4,5,3,8,2,2,0,4,4,8,3,6,5,3,8,6,6,6,3,4,4,6,0,0,5,3,3,2,3,1,2,1
3,3,0,1,7,0,1,2,1,2,0,6,1,4,4,1,4,3,3,20,1,1,5,1,1,6,5,5,7,5,3,4,4,3,1,1,4,3,2,2,0,0,3,2,3,0,0,1
5,0,2,2,7,0,2,4,1,2,1,5,2,3,3,3,2,6,3,50,2,0,0,5,8,7,1,6,4,3,8,5,5,5,2,4,0,8,1,4,6,4,3,6,0,0,0,3
2,3,2,0,3,0,0,1,1,1,1,4,1,5,4,1,1,1,3,50,2,0,0,7,6,0,2,0,8,1,8,9,0,6,0,5,4,7,1,2,4,0,3,5,3,0,1,2
5,1,2,2,1,0,1,5,1,2,3,3,1,1,1,3,4,4,2,11,1,1,3,0,3,2,8,0,8,0,5,6,0,3,2,3,3,7,2,4,2,2,3,2,1,0,0,2
5,2,2,1,2,2,3,6,1,2,2,3,2,1,1,4,1,4,3,0,1,0,2,0,4,4,1,4,4,3,3,3,3,1,5,3,2,5,1,1,7,6,3,3,3,1,1,2
5,3,1,2,0,0,1,5,1,2,4,2,2,1,1,3,2,6,3,9,1,0,2,0,3,7,7,5,5,1,5,4,4,3,4,3,5,5,4,2,5,4,3,0,3,0,0,0
5,1,1,1,1,1,2,5,1,3,2,4,2,2,2,3,4,4,2,16,2,0,6,0,3,3,4,2,3,0,8,4,2,7,1,2,2,6,3,4,3,1,3,1,1,0,0,3
2,3,2,1,9,0,0,0,1,0,0,4,0,4,4,0,0,1,0,40,3,2,3,4,3,0,6,0,5,6,3,3,0,3,0,1,5,6,5,4,0,0,3,2,0,0,0,0
4,3,0,3,4,3,6,8,1,3,3,2,1,0,0,5,4,3,0,37,2,2,0,0,6,9,6,6,3,2,8,4,5,5,4,1,4,7,5,4,7,7,3,4,0,0,0,0
4,1,0,3,4,4,7,8,1,3,3,3,2,0,0,5,0,4,3,36,3,2,1,0,7,9,8,5,7,3,8,7,5,4,3,4,5,6,2,2,5,3,3,3,3,0,1,0
3,0,1,1,6,4,7,8,1,1,1,4,1,0,0,5,4,2,0,9,1,2,3,0,7,7,4,6,0,0,8,1,4,4,2,1,1,6,4,4,7,2,3,4,0,0,0,1
8,3,1,2,4,4,7,8,1,1,2,3,1,0,0,5,3,4,3,20,1,2,4,0,6,9,2,6,7,1,8,8,6,4,4,3,5,6,1,2,6,5,3,2,3,0,0,1
0,4,0,0,10,2,1,0,1,1,0,4,1,5,4,0,1,0,3,15,1,1,0,6,5,0,6,0,0,1,6,1,0,4,4,3,2,5,3,1,7,4,3,2,3,0,1,3
3,0,0,2,2,3,4,8,1,2,3,1,1,0,0,5,2,3,3,20,1,1,0,0,6,9,3,6,6,2,7,6,6,4,6,3,1,3,2,0,4,7,3,1,3,1,4,3
3,0,0,2,10,4,4,5,1,3,0,6,3,3,3,3,1,4,4,36,3,2,0,3,7,9,0,6,5,1,6,5,5,4,5,3,2,6,2,3,5,7,3,5,3,0,0,2
3,3,0,2,3,1,2,5,1,2,3,2,2,1,1,3,0,3,3,9,2,0,0,1,4,9,4,6,4,7,4,3,5,4,4,4,5,6,4,3,5,5,3,1,3,0,0,0
0,1,0,0,5,1,0,0,1,2,0,5,1,5,5,0,3,0,0,5,1,2,4,5,3,7,3,6,2,0,6,3,5,4,2,0,5,5,3,4,0,2,3,5,0,0,0,0
3,4,0,2,8,4,5,6,1,2,1,4,2,0,0,4,0,3,4,53,2,2,0,0,4,8,5,6,2,3,5,2,4,4,5,4,3,4,4,0,3,5,3,2,3,1,4,4
8,0,0,2,7,0,1,3,1,2,1,5,1,2,2,2,4,6,3,15,1,0,1,1,2,1,2,1,4,1,5,4,1,4,3,5,2,5,3,0,4,2,3,2,3,2,5,3
8,1,1,2,1,2,5,8,1,2,3,2,1,0,0,5,4,6,3,43,3,2,2,0,6,0,3,0,4,0,8,5,0,6,3,1,0,8,3,4,7,6,3,3,0,0,0,3
5,1,1,3,5,2,4,7,1,2,3,2,2,0,0,4,1,6,4,47,4,2,0,0,5,5,6,4,8,2,8,8,4,4,5,3,0,5,6,3,3,6,3,2,3,0,0,4
5,1,0,2,0,3,7,8,1,3,4,1,2,0,0,5,1,5,4,46,4,1,6,0,7,3,4,2,8,3,8,9,2,4,5,3,2,7,6,4,6,8,3,3,0,0,0,4
3,1,2,1,5,4,5,7,1,2,1,4,1,0,0,4,1,2,1,37,4,2,2,0,5,8,7,5,5,1,4,4,4,5,1,2,0,5,5,3,7,1,3,5,2,0,0,3
7,3,2,2,5,0,1,3,1,2,2,4,2,3,3,2,0,5,4,57,1,2,2,3,5,7,0,6,7,4,3,4,5,4,3,4,0,5,1,0,0,2,3,2,3,1,4,4
7,0,2,2,9,2,7,8,1,2,1,4,2,0,0,5,1,5,4,48,2,0,0,0,6,7,0,6,1,2,8,2,4,5,4,3,5,7,4,4,7,6,3,4,1,0,0,0
0,4,1,1,0,4,2,5,1,1,3,2,0,0,0,3,2,2,1,53,1,1,2,0,3,7,3,6,0,0,8,1,4,4,3,1,0,3,4,2,7,2,3,3,3,0,0,1
3,4,2,2,0,3,5,8,1,2,4,0,1,0,0,5,3,3,2,43,2,0,0,0,6,9,1,6,8,0,6,7,6,5,2,2,3,7,2,4,7,3,3,3,0,0,0,2
6,3,2,2,4,4,0,3,1,3,2,4,2,3,3,2,1,5,4,37,3,2,5,3,5,0,8,0,4,3,6,4,0,5,5,4,5,5,3,0,5,6,3,2,3,1,3,0
1,2,1,2,3,0,0,3,1,1,3,2,1,3,2,2,2,2,2,64,3,0,4,0,1,1,1,1,1,0,5,1,0,3,2,2,5,3,3,1,5,1,3,1,3,1,1,0
4,4,2,2,1,4,6,8,1,2,3,2,2,0,0,5,4,4,3,23,5,1,1,0,6,6,5,5,2,0,5,2,4,4,4,3,5,3,6,1,7,2,3,3,3,1,2,0
8,4,0,2,1,3,0,4,1,2,3,1,2,2,1,2,3,5,3,41,4,2,0,1,4,6,5,5,6,0,5,5,5,5,3,2,2,4,4,2,7,2,3,4,3,0,0,3
8,1,2,1,8,3,5,5,1,1,0,3,0,0,0,3,3,5,3,23,5,0,0,0,3,7,6,5,8,0,8,8,5,4,5,5,4,5,5,0,7,6,3,1,3,1,4,1
4,1,1,1,6,2,7,8,1,2,1,4,2,0,0,5,0,5,4,12,4,0,1,0,7,7,4,6,3,2,8,4,5,4,5,3,2,4,4,1,6,5,3,1,3,1,2,3
3,3,2,1,5,2,3,5,1,3,1,5,2,1,1,3,3,1,0,38,1,0,0,2,6,1,4,1,7,0,8,8,1,5,1,1,1,6,4,4,3,1,3,6,0,0,0,2
2,3,0,1,2,4,2,4,1,1,2,3,1,1,1,2,4,1,0,24,3,2,0,1,4,9,8,5,2,0,8,3,4,2,2,0,4,7,6,4,1,2,3,3,0,0,0,0
2,3,1,0,1,2,1,3,1,1,1,3,1,2,2,2,4,1,1,51,2,1,0,2,4,2,1,2,4,0,4,3,1,3,1,2,0,8,4,4,4,2,3,3,0,0,0,4
0,4,1,0,6,2,1,1,1,2,0,5,2,5,5,1,4,0,0,43,2,2,0,5,4,3,6,2,2,0,8,3,1,5,2,1,2,3,2,2,6,1,3,3,3,0,0,2
1,2,1,2,7,2,4,6,1,1,1,3,0,0,0,4,2,1,3,5,1,0,0,0,4,9,3,6,4,3,5,4,5,4,5,3,0,4,4,0,4,5,3,3,3,1,2,3
8,2,2,1,2,2,3,5,1,2,2,3,2,2,2,3,4,6,3,7,4,0,0,0,3,5,0,6,4,0,4,3,5,3,3,2,2,4,2,2,5,2,3,4,3,0,1,3
4,2,2,1,0,1,3,6,1,2,3,2,2,1,1,4,1,4,4,28,4,2,0,1,6,2,8,0,7,3,8,8,0,5,3,6,5,5,3,0,6,2,3,3,3,2,3,0
0,1,0,0,1,4,3,5,1,1,1,4,1,1,1,3,2,1,1,7,4,1,0,1,5,7,6,5,5,1,5,4,4,3,5,1,0,3,1,2,7,4,3,4,3,0,0,5
0,4,2,1,4,0,0,2,1,1,1,4,1,3,3,1,2,0,1,6,2,2,2,3,4,5,4,4,8,2,5,6,4,4,1,2,3,6,4,4,7,1,3,3,1,0,0,2
2,1,1,0,7,1,2,2,1,2,0,5,1,4,4,1,3,1,0,15,1,1,0,5,5,8,1,6,3,0,8,4,5,4,4,1,3,5,3,3,1,4,3,4,1,0,0,0
4,2,1,2,6,1,2,4,1,2,2,3,1,1,1,2,2,4,2,57,2,1,0,1,4,5,8,3,8,0,3,4,2,4,3,1,5,8,1,4,2,6,3,2,0,0,0,0
3,2,2,1,6,1,2,3,1,2,1,4,1,3,3,2,2,1,2,15,0,0,0,6,7,2,6,1,2,2,6,3,0,4,3,4,2,6,3,2,4,3,3,4,3,0,0,3
4,0,1,2,9,0,2,3,1,2,1,5,2,3,3,2,2,5,3,62,1,1,1,3,5,9,8,5,1,0,8,2,4,4,3,4,2,6,4,3,3,3,3,3,3,0,0,3
1,0,0,2,1,0,1,5,1,1,3,2,1,0,0,3,2,3,3,49,1,0,0,0,3,9,0,6,0,0,5,0,3,6,4,3,4,5,4,2,4,4,3,2,3,0,0,1
0,4,2,0,1,3,2,4,1,1,1,2,1,2,2,3,3,0,1,10,3,0,0,3,6,5,3,4,5,0,3,3,3,6,3,2,3,6,3,4,7,3,3,3,1,0,0,2
5,4,0,3,8,0,1,4,1,1,2,3,0,0,0,2,4,6,3,31,1,2,5,0,2,0,3,0,6,4,8,7,0,5,1,2,5,7,3,4,2,1,3,3,0,0,0,0
8,1,1,2,8,0,1,3,1,1,1,4,1,3,3,2,4,5,2,44,2,0,0,4,5,7,6,5,7,1,8,8,5,5,2,5,1,6,2,0,7,2,3,2,3,1,3,2
7,0,1,2,6,0,0,2,1,1,2,3,1,3,3,1,0,6,4,20,2,0,0,1,1,6,2,6,6,2,4,4,5,3,2,3,3,3,2,0,6,1,3,2,3,1,4,2
8,4,0,1,5,4,7,8,1,2,1,4,1,0,0,5,1,6,3,7,3,2,0,0,6,9,0,6,4,6,4,3,5,2,5,4,3,6,1,1,7,7,3,3,3,1,1,2
8,1,0,2,7,4,3,5,1,2,1,4,2,1,1,3,2,5,3,11,1,2,1,1,4,9,7,6,8,1,8,9,6,3,4,3,3,6,3,3,0,5,3,3,3,0,0,2
1,4,2,2,2,2,4,8,1,2,3,2,2,0,0,5,2,3,3,43,2,2,0,0,6,0,5,0,1,0,5,1,0,5,3,3,3,6,2,3,5,3,3,4,3,0,0,3
2,1,1,0,0,1,1,3,1,1,2,3,0,1,1,2,4,1,1,56,2,0,0,4,5,0,0,1,6,1,8,7,1,4,2,3,4,6,4,3,0,2,3,3,2,0,0,1
4,3,1,3,8,0,2,5,1,2,2,4,1,0,0,3,2,5,4,20,2,1,5,0,3,0,2,0,0,0,8,1,0,3,5,3,3,5,2,1,4,6,3,1,3,0,1,2
8,0,1,2,7,0,0,2,1,2,1,5,2,4,4,1,2,6,4,25,3,0,0,5,6,8,5,6,6,0,7,6,6,2,7,3,4,4,2,1,5,8,3,1,3,1,3,1
0,0,1,0,10,2,1,0,1,2,0,5,1,6,5,0,0,1,3,41,3,0,0,9,7,4,2,4,2,5,3,2,3,5,4,2,2,5,4,3,5,4,3,5,3,0,0,1
1,0,0,1,7,3,1,2,1,2,0,4,2,5,4,1,3,5,3,3,3,1,4,2,2,9,1,6,4,0,8,5,5,5,2,4,1,4,2,0,7,1,3,2,3,2,5,3
5,4,2,3,5,3,0,4,1,3,3,2,2,2,2,3,1,6,4,2,1,0,0,2,4,4,6,3,4,3,8,5,3,2,4,2,0,3,3,1,4,2,3,1,3,1,1,3
1,2,0,1,9,4,6,6,1,2,0,5,1,0,0,4,2,4,3,15,1,2,1,0,4,4,4,3,8,0,8,9,3,4,3,3,3,8,3,4,4,6,3,3,0,0,0,2
5,0,2,2,4,1,3,6,1,2,2,3,2,0,0,4,2,6,3,63,4,1,5,0,4,6,8,3,1,1,8,2,2,4,5,4,4,3,5,0,7,4,3,1,3,1,4,0
0,2,0,1,1,2,1,4,1,2,2,3,1,2,2,3,2,0,0,56,2,1,4,0,2,6,7,4,7,0,5,5,4,4,2,1,2,6,4,4,7,2,3,5,0,0,0,3
0,1,0,1,2,2,1,4,1,2,2,3,2,2,2,3,4,1,1,21,2,1,1,2,4,4,1,4,8,1,8,9,4,7,1,2,0,6,2,4,7,1,3,5,1,0,0,2
3,2,0,2,1,4,2,6,1,2,3,2,2,1,1,4,1,3,3,17,2,2,1,1,6,6,2,6,6,2,4,4,5,5,5,2,1,3,2,1,6,4,3,4,3,1,1,4
2,2,1,1,4,3,0,2,1,1,1,2,1,4,2,1,4,2,3,17,2,0,0,1,2,8,4,6,8,2,8,9,6,5,2,3,3,6,2,3,1,2,3,2,3,0,0,2
5,0,1,2,4,3,6,8,1,3,2,3,2,0,0,5,0,6,4,41,3,1,3,0,6,7,1,6,0,3,4,0,3,4,3,5,0,7,4,2,5,4,3,2,3,0,0,4
6,0,0,2,5,1,1,3,1,3,2,4,2,4,4,2,1,5,3,15,1,0,0,4,5,0,6,0,7,5,6,6,0,5,3,4,5,7,3,3,7,4,3,3,2,0,0,1
6,3,0,3,6,1,3,6,1,3,3,3,3,2,2,4,2,4,4,56,2,0,0,4,8,9,5,6,3,4,6,3,5,4,5,5,3,5,4,0,7,6,3,3,3,1,4,3
4,1,2,1,9,3,0,0,1,2,0,4,2,6,4,0,4,4,3,6,2,2,4,4,3,9,7,6,4,0,7,4,5,3,5,3,2,3,4,0,2,4,3,1,3,1,3,2
6,4,0,3,4,0,0,8,1,3,3,4,3,0,0,5,4,3,2,32,2,1,0,0,6,6,4,5,7,0,8,8,5,4,4,1,5,7,4,4,7,7,3,4,0,0,0,0
4,0,0,2,5,3,1,3,1,3,2,3,3,4,3,2,3,4,3,55,3,1,5,1,3,8,1,6,1,0,8,2,4,7,2,2,4,4,1,2,7,1,3,4,3,0,1,2
6,3,2,2,7,4,7,8,1,3,1,5,2,0,0,5,4,4,3,38,0,2,0,0,7,7,5,6,8,0,7,8,6,5,2,3,5,4,3,1,5,1,3,5,3,1,2,0
3,0,0,3,6,0,0,3,1,1,3,2,1,3,2,2,2,2,1,65,4,1,0,2,4,3,1,3,2,1,6,3,2,6,1,2,3,4,3,3,5,0,3,4,3,0,0,2
1,4,1,1,1,3,2,5,1,2,2,2,2,1,1,3,1,2,4,64,2,1,1,0,3,0,4,0,3,0,6,3,0,3,5,4,2,5,4,0,5,6,3,1,3,1,2,3
1,1,0,2,5,1,3,6,1,1,2,3,1,0,0,4,1,3,3,39,6,2,5,0,4,4,1,4,8,2,8,8,4,5,2,5,5,6,2,0,6,2,3,4,3,1,3,0
0,4,2,1,2,1,1,3,1,1,2,3,0,1,1,2,3,1,3,66,8,2,4,1,3,7,2,6,0,0,8,1,4,2,5,3,1,5,1,2,7,6,3,0,3,1,1,3
0,1,2,0,5,2,1,2,1,1,0,4,1,4,4,1,3,1,1,43,2,1,2,2,2,8,2,6,7,1,8,8,6,5,2,2,0,2,2,0,4,1,3,2,3,1,3,4
6,4,1,3,4,2,6,8,1,4,3,3,2,0,0,5,1,4,4,55,3,1,1,0,6,1,8,0,3,3,8,4,0,7,2,6,5,8,1,2,4,4,3,4,3,0,1,1
3,3,2,1,1,3,6,8,1,2,2,2,2,0,0,5,0,3,3,36,4,2,0,0,7,9,1,6,4,4,3,3,5,4,4,5,5,7,3,2,7,7,3,4,3,0,0,0
4,0,2,2,8,1,2,3,1,3,1,5,2,3,3,2,3,4,3,32,2,2,5,3,5,7,1,6,4,0,8,5,5,4,5,4,5,5,4,0,4,6,3,1,3,1,2,0
5,2,1,3,6,4,5,8,1,3,3,3,3,0,0,5,2,6,3,13,5,0,0,0,6,8,2,6,4,1,6,4,5,4,5,4,3,4,5,0,7,5,3,1,3,1,3,3
3,4,0,2,4,2,3,6,1,1,2,2,1,0,0,4,3,3,1,60,3,2,3,0,4,4,4,3,7,0,6,6,3,4,2,1,3,6,3,4,7,2,3,3,0,0,0,2
1,1,2,1,5,1,1,2,1,1,1,4,1,3,3,1,2,2,1,22,3,0,1,5,6,7,8,4,5,2,8,6,4,6,2,1,4,5,5,4,2,1,3,5,1,0,0,0
2,1,2,0,2,2,1,2,1,1,1,3,2,5,3,1,0,2,4,3,2,0,3,0,0,4,2,4,2,3,6,3,3,5,1,3,0,1,2,0,5,0,3,3,3,2,4,4
7,2,1,3,2,2,3,8,1,1,4,0,1,0,0,5,2,4,3,42,2,0,0,1,8,3,6,2,6,0,3,3,1,5,2,6,2,7,2,0,7,3,3,4,3,1,4,4
7,2,0,3,4,0,2,6,1,1,3,2,0,0,0,4,0,4,5,55,2,1,6,0,4,2,8,0,3,5,2,2,0,6,3,4,5,5,2,1,1,2,3,1,3,1,3,1
1,3,1,1,8,3,0,0,1,2,0,4,2,6,4,0,1,3,3,34,4,2,0,4,3,7,2,6,1,4,8,2,4,1,5,5,0,1,3,0,5,2,3,1,3,1,1,3
3,0,1,2,4,2,3,6,1,3,2,4,2,1,1,4,4,1,1,63,3,2,3,1,5,7,6,5,0,3,8,1,3,4,1,2,3,7,6,4,6,2,3,5,0,0,0,1
8,1,0,4,9,0,1,4,1,1,3,2,0,0,0,2,0,6,3,39,5,0,0,0,2,1,3,1,8,1,8,8,1,5,1,6,5,6,3,0,6,1,3,3,3,2,5,1
1,3,1,1,7,0,0,1,1,1,0,5,1,5,5,1,0,2,2,49,1,2,2,5,5,4,0,6,1,4,5,1,4,5,2,3,0,8,4,4,3,4,3,4,0,0,0,3
0,2,2,0,7,0,0,0,1,1,0,5,0,4,4,0,3,0,1,42,4,2,3,4,2,7,0,6,1,0,8,2,4,5,0,3,0,5,4,2,6,0,3,4,3,0,0,1
5,3,1,2,8,1,3,4,1,3,1,5,2,3,3,3,1,5,4,41,3,2,0,3,5,7,5,6,1,1,8,2,4,4,6,4,3,1,4,0,5,5,3,1,3,2,3,3
8,1,2,3,10,3,7,8,1,2,1,3,1,0,0,5,2,5,4,3,3,2,1,0,7,4,8,2,0,3,8,1,1,6,3,6,2,6,2,0,2,3,3,2,3,2,5,3
8,2,1,2,3,1,1,4,1,2,3,2,2,3,2,3,4,6,2,29,3,1,0,1,4,7,3,6,3,1,5,3,5,4,2,5,1,5,5,0,7,1,3,2,3,1,4,3
6,3,0,2,0,2,3,7,1,3,4,2,2,0,0,4,2,4,2,36,3,2,3,0,5,3,1,3,6,0,4,4,2,4,4,3,5,6,2,3,7,5,3,4,3,0,0,1
6,4,1,2,9,3,7,8,1,3,1,4,3,0,0,5,3,6,3,35,3,1,2,0,6,9,3,6,6,0,2,3,5,4,3,4,0,6,4,2,5,3,3,2,3,0,0,5
2,3,1,0,9,2,1,0,1,1,0,4,1,6,4,0,4,1,1,18,3,0,2,4,3,0,2,0,4,1,8,5,0,4,0,2,1,7,3,4,2,0,3,3,0,0,0,2
2,0,2,0,3,0,0,1,1,1,1,4,1,5,4,1,4,4,2,25,2,0,0,5,5,1,6,0,6,0,8,7,0,2,2,2,2,7,2,4,7,2,3,2,0,0,0,4
0,0,1,0,8,0,0,0,1,1,0,5,1,5,5,0,1,1,1,37,4,1,0,7,5,4,8,2,4,3,8,5,2,6,1,3,3,8,4,4,3,2,3,3,0,0,0,1
8,0,0,3,4,1,2,6,1,2,3,2,1,0,0,4,2,4,4,5,1,2,1,0,4,4,7,2,0,1,5,0,1,3,2,5,1,5,4,0,1,2,3,2,3,1,4,3
2,0,1,1,10,0,0,0,1,1,0,5,1,5,5,0,0,2,3,43,2,0,3,4,3,6,0,6,6,1,5,5,5,5,3,4,5,5,1,0,4,2,3,1,3,1,4,0
6,1,2,2,5,4,3,6,1,3,2,4,1,0,0,4,1,6,4,49,1,0,6,0,4,5,6,4,8,1,8,8,4,5,3,5,4,6,4,1,2,3,3,2,3,1,2,2
3,4,0,1,5,1,1,2,1,2,1,4,1,3,3,1,4,3,1,47,2,1,0,4,5,1,6,0,4,0,8,5,0,4,2,3,1,6,5,4,6,2,3,4,2,0,0,3
1,3,1,1,7,3,5,6,1,2,0,4,2,0,0,4,2,3,4,61,2,0,0,0,4,7,1,6,6,0,7,6,6,4,3,5,1,6,3,0,5,3,3,3,3,1,2,5
2,3,0,1,7,0,0,1,1,0,0,4,0,3,3,0,0,2,4,40,3,1,2,2,2,5,5,4,2,2,7,3,3,5,2,2,3,4,5,3,1,1,3,3,3,0,0,4
7,1,1,2,9,0,1,2,1,2,1,5,2,4,4,1,3,6,2,6,2,1,0,4,5,3,0,4,2,0,4,2,3,5,5,3,5,6,3,2,0,7,3,3,3,0,0,1
2,1,1,0,2,1,0,2,1,1,1,4,0,2,2,1,4,1,3,1,2,1,0,1,1,4,1,4,7,3,5,5,4,5,2,3,3,3,5,0,3,1,3,1,3,1,2,2
7,0,1,3,10,1,3,5,1,1,1,4,1,0,0,3,4,4,3,48,1,1,0,0,3,8,5,6,5,0,8,6,6,4,3,3,3,6,3,3,3,3,3,2,3,0,0,2
4,4,2,2,3,3,6,8,1,3,3,2,3,0,0,5,4,5,2,49,1,1,4,0,6,0,5,0,3,0,8,4,0,5,0,4,0,7,5,3,4,0,3,5,2,0,0,5
2,4,2,0,4,1,1,2,1,2,0,5,1,3,3,1,2,1,0,43,2,1,2,2,2,9,5,6,4,0,8,5,5,5,2,0,4,4,2,4,0,1,3,3,0,0,0,1
2,3,0,0,10,0,0,0,1,1,0,5,1,5,5,0,2,2,4,30,2,2,4,5,3,9,8,5,1,3,5,1,3,3,5,4,4,3,4,0,4,4,3,2,3,2,4,3
0,0,2,0,5,3,2,2,1,2,0,4,2,4,4,1,4,1,0,37,3,2,4,4,4,4,3,4,6,0,3,3,3,4,2,1,0,6,5,4,2,2,3,2,0,0,0,4
3,1,1,2,0,0,1,5,1,3,4,3,2,1,1,3,2,3,3,17,2,0,1,0,3,4,0,6,3,3,6,3,5,5,2,6,1,6,2,0,2,2,3,1,3,2,5,4
8,4,0,2,3,3,7,8,1,2,3,1,1,0,0,5,2,6,3,22,3,1,5,0,7,9,4,6,2,0,8,3,5,6,5,3,2,5,4,2,7,6,3,3,3,0,0,2
8,0,2,2,5,3,4,6,1,2,2,2,2,0,0,4,1,6,4,51,2,0,0,0,4,0,0,1,6,3,7,6,1,5,3,3,3,5,4,2,1,2,3,3,3,0,0,2
3,2,0,2,0,0,1,5,1,2,4,2,2,2,2,3,3,2,1,31,1,0,0,3,7,3,5,2,4,0,8,5,2,5,3,1,4,8,4,4,3,6,3,5,0,0,0,1
2,0,1,0,8,2,1,1,1,2,0,5,2,6,5,1,3,2,3,22,3,1,0,4,3,0,0,1,7,0,8,7,1,5,5,3,3,3,4,0,4,4,3,1,3,1,3,3
8,2,2,2,0,4,7,8,1,3,4,2,2,0,0,5,4,6,2,25,2,1,1,0,6,4,1,4,7,0,8,8,4,3,3,3,3,4,2,0,7,2,3,3,3,1,3,1
4,4,2,2,3,1,2,5,1,1,3,2,0,0,0,3,4,6,2,22,3,0,1,0,3,0,6,0,1,0,8,2,0,5,1,3,4,6,4,3,6,1,3,3,2,0,0,1
0,0,0,1,2,2,1,3,1,1,2,2,0,1,1,2,2,0,1,30,1,2,0,1,3,1,8,0,1,1,3,1,0,2,1,1,1,6,3,4,4,1,3,5,0,0,0,4
5,0,0,3,3,4,5,8,1,2,4,1,2,0,0,5,4,3,2,8,2,1,1,0,7,8,7,5,7,0,8,7,5,5,3,5,3,5,0,0,7,2,3,1,3,2,5,2
3,2,0,3,6,1,1,4,1,2,3,2,0,0,0,2,3,3,1,56,1,1,2,0,2,3,0,4,6,0,5,5,4,4,1,2,3,6,4,4,0,1,3,4,1,0,0,2
6,3,1,2,5,4,7,8,1,4,2,5,4,0,0,5,0,4,4,18,4,2,0,0,6,7,0,6,1,2,8,2,4,4,5,4,5,5,3,0,7,6,3,2,3,1,3,0
2,1,1,1,10,2,1,1,1,2,0,5,2,6,5,1,1,1,2,40,4,0,2,3,2,9,6,6,1,1,4,1,4,4,1,4,4,5,5,0,4,1,3,2,3,1,2,1
5,3,2,2,10,4,7,8,1,3,0,6,2,0,0,5,4,6,1,21,2,2,0,0,7,3,4,2,6,0,3,3,1,7,3,3,5,5,2,1,7,2,3,4,3,0,1,0
6,1,1,2,8,3,0,1,1,2,1,3,1,4,3,0,3,5,2,30,1,1,3,3,2,0,3,0,0,2,8,1,0,3,2,3,2,6,2,3,1,2,3,2,3,0,0,2
4,0,2,2,5,3,1,3,1,3,2,3,2,4,3,2,4,3,3,44,2,1,1,2,4,6,7,4,5,0,8,6,4,5,2,3,4,5,3,1,5,2,3,3,3,0,1,0
5,3,0,3,5,0,2,6,1,2,3,3,2,1,1,4,2,6,4,52,3,2,2,1,5,7,2,6,0,2,5,0,3,3,6,2,5,5,4,3,4,8,3,1,3,0,0,1
0,1,1,1,5,1,2,4,1,3,1,5,2,3,3,3,0,0,3,53,2,1,0,4,6,1,2,1,1,4,5,1,0,4,3,4,4,6,4,3,3,3,3,3,3,0,0,3
3,3,0,2,0,3,5,8,1,3,4,1,3,0,0,5,4,2,0,65,3,2,0,0,7,4,5,3,7,3,8,8,3,6,1,1,1,7,3,4,7,1,3,6,0,0,0,3
0,1,2,1,3,0,0,2,1,2,2,4,2,5,4,1,3,1,3,23,5,2,0,4,5,6,5,5,3,0,8,4,4,4,3,5,1,6,5,0,7,3,3,1,3,1,2,2
0,4,2,0,9,0,0,0,1,1,0,5,1,6,5,0,3,1,3,41,3,1,1,4,3,4,5,3,0,1,5,0,1,3,3,4,5,5,4,1,4,2,3,3,3,1,2,1
0,2,1,1,7,4,1,2,1,2,0,5,1,3,3,1,4,1,1,3,2,1,4,2,2,6,3,5,8,1,8,8,5,5,2,1,2,5,1,3,2,2,3,1,1,0,0,3
4,0,2,2,7,1,3,5,1,1,1,4,1,1,1,3,3,3,2,1,2,1,0,1,5,5,3,4,6,7,3,3,3,6,1,4,1,6,3,2,3,1,3,4,3,0,0,2
3,4,1,1,0,0,0,3,1,1,3,2,1,2,2,2,1,3,4,16,2,0,1,4,5,9,4,6,5,3,4,4,5,7,5,4,0,5,2,0,5,6,3,2,3,1,3,4
8,4,0,3,9,1,4,6,1,1,2,3,1,0,0,4,3,5,3,41,4,0,0,0,4,4,3,4,2,0,8,3,3,4,3,2,0,6,4,4,5,3,3,4,1,0,0,4
0,4,1,1,10,4,1,1,1,2,0,5,1,4,4,1,1,0,3,46,3,2,6,4,3,8,6,6,8,4,3,4,5,4,4,2,4,5,5,3,3,4,3,2,2,0,0,2
4,1,1,2,8,3,7,8,1,2,1,3,1,0,0,5,4,4,2,13,5,1,0,0,7,4,4,3,3,0,8,4,2,4,3,5,1,5,6,0,7,2,3,2,3,1,3,3
5,3,2,2,0,3,0,4,1,2,4,0,2,3,0,2,4,5,3,19,1,0,0,0,2,6,2,6,5,0,5,4,5,4,2,2,0,5,5,3,4,2,3,4,2,0,0,4
2,3,0,1,8,4,1,1,1,1,0,5,0,3,3,0,2,2,3,49,2,2,0,3,3,8,7,5,6,2,5,5,5,5,2,1,1,5,3,4,0,1,3,2,1,0,0,3
1,3,1,2,6,3,7,8,1,2,2,2,1,0,0,5,1,3,4,23,6,2,0,0,7,4,0,6,5,4,5,4,5,5,6,2,2,4,5,2,5,7,3,2,3,0,0,4
4,1,1,2,10,0,2,3,1,2,0,6,2,3,3,2,0,5,4,41,3,0,0,4,6,6,5,5,8,5,5,6,5,4,6,2,4,4,5,2,4,7,3,1,3,0,0,1
7,4,1,3,10,2,7,8,1,2,1,4,1,0,0,5,1,6,4,49,0,1,0,0,7,9,3,6,7,2,8,8,6,6,4,3,4,6,4,3,2,5,3,4,2,0,0,3
2,2,0,1,0,1,0,3,1,2,3,2,2,4,2,2,1,2,4,15,1,0,0,4,5,4,5,3,2,4,7,3,2,4,3,2,4,6,2,4,1,3,3,4,1,0,0,1
5,4,2,1,5,3,4,6,1,3,1,4,3,2,2,4,1,5,3,3,3,1,0,2,6,8,1,6,2,1,6,3,5,5,5,3,3,5,2,1,7,6,3,4,3,0,1,1
8,4,0,2,9,3,6,7,1,2,1,3,1,0,0,4,0,6,4,19,2,1,5,0,5,5,3,4,4,1,5,4,3,4,3,6,1,4,5,0,5,2,3,2,3,1,2,4
6,0,2,2,4,3,4,7,1,3,2,3,3,0,0,4,2,5,3,44,3,2,4,0,5,6,8,3,6,0,4,4,2,5,4,3,2,4,3,1,7,3,3,4,3,1,2,3
1,0,1,1,0,1,0,3,1,2,3,2,1,3,2,2,0,4,4,13,3,1,0,2,4,4,0,6,6,5,8,6,6,3,5,2,4,3,5,1,3,4,3,1,3,0,0,1
3,1,1,2,4,0,1,4,1,2,2,4,1,2,2,3,3,3,3,22,2,1,4,1,4,6,3,5,3,0,6,3,4,4,6,1,5,3,4,3,5,7,3,1,3,0,0,1
6,3,1,3,5,2,7,8,1,3,3,3,2,0,0,5,0,6,5,42,3,2,3,0,6,2,2,2,8,6,8,9,2,5,7,3,0,2,3,0,3,8,3,1,3,1,4,4
0,0,0,0,4,1,1,0,1,1,0,5,1,5,5,0,4,1,1,54,2,2,1,5,3,1,6,0,3,0,6,3,0,4,1,1,5,8,4,4,0,2,3,3,0,0,0,0
2,0,0,0,7,3,2,2,1,1,0,3,1,3,3,1,3,1,0,46,4,2,0,3,3,7,0,6,2,2,8,3,5,5,2,1,2,2,5,3,3,1,3,3,3,0,0,2
6,1,0,4,2,4,7,8,1,4,5,2,3,0,0,5,0,6,4,59,2,1,4,0,6,6,0,6,3,5,7,4,5,4,5,4,3,4,4,0,6,5,3,3,3,1,4,1
2,2,0,0,7,1,1,1,1,1,0,5,1,5,5,1,2,2,1,22,3,1,1,5,5,8,7,5,5,0,8,6,5,4,3,3,0,5,4,2,1,2,3,1,3,0,0,3
0,0,1,1,1,4,2,5,1,1,2,3,1,0,0,3,2,1,1,20,1,0,0,0,3,3,8,1,5,0,8,6,1,3,3,1,2,6,2,4,5,3,3,2,0,0,0,2
4,3,2,2,5,4,6,8,1,2,2,3,2,0,0,5,1,3,2,21,1,2,0,0,7,6,8,3,1,0,8,2,2,8,2,4,5,8,2,4,6,4,3,6,0,0,0,0
1,0,2,2,9,3,7,8,1,1,1,2,1,0,0,5,0,2,3,48,2,2,0,0,7,3,1,3,5,2,8,6,3,4,3,4,4,5,4,0,1,2,3,3,3,1,2,2
6,0,0,3,6,1,3,6,1,3,3,3,2,1,1,4,1,5,3,17,2,0,1,1,5,9,3,6,2,3,6,3,5,6,4,2,1,4,2,2,6,3,3,5,3,0,1,3
3,0,2,1,0,4,7,8,1,1,3,2,1,0,0,5,3,3,3,17,2,0,2,0,6,5,6,4,4,0,4,3,3,6,3,4,1,5,2,0,7,2,3,4,3,1,3,1
7,4,1,3,7,1,2,5,1,2,2,3,1,1,1,3,0,6,5,15,1,0,0,0,3,3,1,3,3,6,3,2,2,4,4,6,1,3,4,0,2,2,3,2,3,1,1,5
2,4,1,1,2,1,2,5,1,2,2,3,1,0,0,3,2,1,4,39,5,0,0,0,3,8,4,6,7,1,5,5,5,5,5,4,4,2,3,0,4,3,3,2,3,2,4,2
8,4,1,2,6,0,1,3,1,1,2,3,1,3,3,2,4,6,3,52,4,0,0,3,5,2,8,0,4,0,6,4,0,4,4,4,3,6,3,2,6,5,3,2,3,0,0,2
5,0,1,2,0,0,1,5,1,2,4,2,2,2,2,3,3,4,3,7,3,2,1,2,6,1,8,0,6,0,8,7,0,3,3,6,4,7,1,0,1,4,3,1,3,1,5,1
7,1,2,3,2,1,3,7,1,1,4,1,1,0,0,4,2,6,4,34,4,0,6,0,5,3,3,3,5,1,8,6,3,0,5,5,1,4,3,0,7,5,3,2,3,2,4,4
6,4,0,2,9,2,6,7,1,4,1,5,2,0,0,4,1,4,2,66,1,2,0,0,5,0,4,0,4,4,8,5,0,1,3,4,2,5,3,0,5,2,3,2,3,1,3,3
6,4,2,2,5,2,6,8,1,3,2,4,2,0,0,5,2,5,3,3,3,2,0,0,2,8,1,6,6,1,8,7,6,5,3,2,2,4,1,2,5,2,3,3,3,0,1,3
0,4,0,1,8,2,2,3,1,1,0,4,0,1,1,2,2,0,3,41,3,2,4,1,3,0,7,0,7,1,8,8,0,4,2,4,5,6,4,3,3,2,3,1,3,0,0,0
5,2,2,2,5,0,1,3,1,2,2,4,2,4,4,2,0,6,4,16,2,0,0,7,8,3,4,2,1,2,7,2,1,7,2,5,0,7,2,2,1,3,3,6,3,0,1,4
