1,6,7,2,0,2,0,3,5,1,0,0,2,4,1,0,3,1,3,0,7,9,1,9,20,2,6,25,2,1,0,0,2,24,50
1,6,2,5,1,2,1,3,0,5,1,2,2,0,4,2,1,3,1,0,8,9,0,10,20,0,20,48,0,0,0,1,8,54,79
2,5,4,5,3,1,2,2,6,4,0,2,3,4,3,2,0,3,1,0,9,11,1,11,26,0,15,46,0,2,0,1,9,55,80
2,3,0,3,0,0,3,1,0,3,2,2,1,0,2,2,0,3,1,0,8,9,0,9,22,0,16,43,0,1,0,1,10,50,76
2,7,4,6,2,2,1,3,0,6,2,2,1,0,4,2,1,3,1,3,12,16,1,11,30,3,19,55,1,1,0,1,13,68,8
1,6,7,1,1,2,0,2,6,2,0,2,1,0,1,2,0,2,3,2,3,2,0,6,8,0,8,16,0,2,0,0,2,14,42
1,7,0,6,1,0,0,2,0,7,1,3,1,0,4,2,0,2,0,0,10,14,0,11,28,0,19,54,0,0,0,1,8,57,82
0,6,6,6,0,0,2,0,0,5,1,2,3,0,4,1,1,2,1,0,11,17,3,12,32,0,16,54,2,0,0,1,6,56,80
2,3,0,3,2,2,2,2,0,3,1,2,0,0,2,1,0,2,1,1,12,15,0,7,23,0,16,44,2,0,0,1,10,54,79
1,4,2,4,1,0,2,0,0,4,0,2,2,0,2,2,0,2,1,1,12,17,0,8,27,1,17,48,0,0,0,0,5,47,72
1,7,0,7,2,2,0,2,0,7,1,1,2,0,5,1,1,3,0,1,14,22,0,10,34,2,17,56,0,3,0,2,12,68,8
1,6,1,5,3,0,2,0,0,4,0,3,0,0,3,1,3,1,0,0,8,11,3,13,28,3,17,50,2,3,0,1,9,56,80
2,6,3,4,2,2,0,3,2,4,3,3,3,8,2,0,1,0,1,0,9,12,1,11,26,0,11,39,2,1,1,1,8,46,71
1,5,8,5,2,2,0,2,0,4,0,3,3,0,2,0,1,0,1,2,8,10,1,11,24,1,14,42,0,2,0,1,11,55,80
1,7,2,7,3,2,0,2,2,6,3,3,1,0,4,1,1,1,1,0,11,15,0,10,27,0,19,53,0,3,0,1,7,57,81
2,3,5,2,2,1,0,3,8,2,3,2,3,3,1,2,0,2,1,1,7,8,0,7,15,0,12,29,2,0,4,0,0,22,49
2,5,7,3,2,2,0,3,1,3,3,3,1,0,2,1,3,3,3,1,11,14,1,10,28,0,11,40,0,2,0,1,8,47,72
2,3,1,3,2,2,0,2,0,3,0,2,3,0,2,2,1,3,0,0,8,11,0,7,19,1,12,34,0,2,0,1,7,37,64
0,7,4,7,2,0,2,0,0,7,1,1,1,0,4,2,1,3,1,1,13,19,1,14,39,0,15,57,0,3,0,1,9,63,3
1,4,7,0,1,2,1,3,2,0,3,3,0,2,0,2,0,2,3,2,2,0,1,3,2,3,1,0,0,2,0,0,0,0,0
1,6,5,4,0,2,3,3,8,4,0,2,3,3,2,2,1,2,3,0,9,13,1,10,26,1,15,45,0,2,0,1,11,56,81
0,6,4,7,2,0,0,1,0,6,0,1,2,0,4,0,0,1,1,0,12,17,0,10,29,0,15,49,2,2,0,1,5,48,74
0,6,7,2,0,0,0,0,8,2,1,1,2,0,2,1,0,0,3,1,10,15,0,6,20,0,15,41,0,0,0,1,7,46,71
2,5,6,6,2,0,1,1,0,5,0,3,1,0,4,1,3,3,1,0,10,14,0,9,24,1,17,49,2,3,1,1,8,55,80
1,4,8,3,2,1,0,2,0,2,0,0,3,0,2,1,1,2,0,0,9,11,3,9,22,0,14,41,2,2,0,0,0,36,63
0,6,5,4,0,0,3,1,4,3,2,0,0,0,2,0,1,1,3,0,9,12,1,11,26,0,11,41,2,2,0,1,7,46,71
0,6,1,5,3,0,0,0,0,4,0,1,0,0,2,1,1,0,0,2,6,7,0,8,16,0,11,28,2,2,0,1,6,31,57
0,6,4,5,3,0,0,2,4,5,2,0,3,2,3,1,1,3,0,0,9,11,0,12,28,0,18,52,2,3,2,1,12,64,4
0,4,2,5,1,1,3,3,0,4,0,0,2,0,3,2,0,2,0,1,10,14,0,10,26,0,15,47,2,2,0,1,9,55,79
1,6,3,4,0,0,0,0,1,4,2,2,3,0,3,2,1,3,1,1,12,17,1,13,35,1,17,56,2,3,0,1,10,66,6
0,6,3,5,0,0,0,0,1,4,0,1,1,0,2,0,3,1,3,0,10,12,0,10,23,2,10,35,1,1,0,1,8,44,70
1,6,1,6,2,0,0,1,0,5,2,2,3,0,3,1,1,0,3,2,7,8,0,11,25,0,14,41,0,0,0,1,8,45,70
1,3,5,2,2,1,0,2,2,2,1,1,2,0,1,1,0,1,0,1,8,10,0,7,17,1,8,26,0,2,0,0,4,26,53
0,7,4,7,0,2,3,3,4,6,0,0,1,0,4,2,1,3,0,3,13,18,1,13,35,0,16,56,0,0,0,1,8,59,83
2,6,7,1,3,1,1,2,7,1,1,2,3,7,0,1,1,3,1,0,5,5,0,5,9,1,5,13,2,3,7,0,0,7,11
1,6,7,1,3,2,1,2,8,1,1,3,3,7,0,2,3,3,1,0,5,5,3,8,14,0,0,8,2,0,8,0,0,4,73
1,4,5,2,0,2,3,3,8,1,2,2,1,0,1,2,0,3,0,3,10,14,1,6,18,1,9,28,0,2,0,0,0,23,50
0,6,7,3,0,0,1,2,8,2,3,1,0,4,1,1,1,1,0,0,9,12,0,7,21,0,9,32,0,1,0,0,2,29,56
1,4,1,4,0,1,0,3,0,4,3,3,2,0,3,1,1,2,0,1,11,15,2,8,24,1,15,41,0,1,0,1,11,52,78
0,3,8,3,3,0,3,1,8,3,1,0,3,6,2,1,3,2,0,0,8,10,0,9,21,0,13,39,2,0,0,0,2,35,61
0,3,6,3,3,0,0,1,3,2,0,1,1,4,1,0,1,0,1,2,6,6,1,10,18,0,10,31,0,0,0,0,0,26,53
0,6,2,6,1,1,3,3,0,5,0,3,3,0,4,2,1,3,0,0,10,15,1,12,30,1,17,53,1,2,0,1,9,58,82
1,4,1,5,0,1,0,1,0,5,2,2,2,0,3,2,3,3,3,2,9,10,0,10,22,0,14,39,2,0,0,1,6,42,68
0,4,8,4,2,1,0,3,0,4,3,3,1,0,3,1,3,3,0,1,13,19,1,12,36,1,15,53,0,1,0,1,7,58,83
1,4,5,3,3,0,0,1,7,1,1,0,0,2,1,1,1,1,1,2,6,6,1,4,9,2,12,24,2,1,0,0,0,18,45
1,5,6,5,0,1,0,2,2,6,3,3,3,6,4,2,1,2,3,1,11,16,1,12,32,0,14,51,1,0,0,1,8,58,82
2,7,5,4,1,0,3,1,4,4,0,2,2,0,3,1,0,3,1,1,10,14,0,10,28,2,12,44,1,1,0,1,8,50,76
0,3,1,3,3,1,0,3,4,3,3,1,0,2,2,1,0,2,0,1,10,12,0,7,18,0,11,33,2,1,0,1,9,42,68
2,6,6,6,3,0,2,1,6,5,0,3,2,2,3,0,1,0,0,0,10,13,2,8,23,0,14,40,2,1,0,1,6,43,68
2,3,3,3,2,0,0,0,0,3,2,2,0,0,2,1,0,1,1,0,9,12,1,9,21,2,14,40,0,1,0,1,6,43,69
0,7,3,7,1,0,0,1,8,6,0,0,2,0,4,1,0,0,1,1,12,18,0,9,28,0,19,55,0,3,0,1,7,58,82
0,3,7,0,3,0,0,0,5,0,0,0,1,1,0,0,0,1,0,1,0,0,2,0,0,0,0,0,2,1,0,0,1,0,0
1,4,2,4,2,0,0,1,0,4,0,2,3,0,3,1,1,3,1,0,8,9,0,9,19,0,15,40,2,2,0,1,7,46,71
2,5,5,3,1,1,2,0,0,3,0,2,3,0,2,1,3,3,0,0,9,13,0,9,24,1,13,38,0,1,0,1,8,44,70
1,6,6,5,0,0,1,1,1,5,1,1,2,0,3,0,0,1,3,1,10,12,1,12,29,1,16,50,2,1,0,1,8,55,80
1,6,6,5,0,1,3,3,0,5,0,2,0,0,3,1,1,3,1,0,8,9,1,10,21,1,16,41,2,1,0,1,10,50,75
2,5,5,4,3,0,3,1,7,1,1,3,3,7,0,2,1,3,1,2,7,7,0,4,8,1,3,9,2,2,1,0,0,4,73
2,6,3,6,3,1,2,0,3,4,3,3,0,6,3,2,0,3,3,0,12,18,3,12,34,1,17,56,0,2,0,1,8,60,1
1,7,8,5,3,2,0,3,3,3,0,2,3,3,2,1,1,3,1,0,9,11,1,9,21,0,12,35,2,3,5,0,3,34,60
2,7,4,7,2,2,0,2,0,7,0,2,3,0,5,2,1,3,1,1,11,16,0,12,30,2,14,47,2,2,0,2,11,59,83
0,3,7,1,0,1,0,0,8,1,3,1,0,4,1,1,0,3,1,1,4,4,1,5,8,1,11,21,1,0,1,0,0,16,44
1,3,4,4,1,2,0,2,0,3,0,0,0,0,2,0,1,0,1,2,7,8,0,10,21,0,12,37,2,2,0,0,0,30,57
2,4,3,2,3,0,3,1,5,1,0,2,3,3,0,1,0,0,3,2,6,8,1,6,15,1,0,9,2,0,2,0,0,5,84
0,5,6,5,0,0,2,0,0,4,1,0,3,0,2,2,1,3,0,0,9,13,0,9,23,0,13,40,2,3,0,1,8,46,71
2,3,8,3,0,0,0,0,2,3,2,2,3,4,2,1,1,2,0,0,8,10,1,10,23,0,16,44,2,0,0,1,11,53,78
0,6,2,6,3,2,0,2,4,6,1,2,3,4,4,0,3,1,1,0,10,14,0,10,27,2,14,44,0,1,0,1,10,54,79
0,7,0,6,1,2,2,3,0,6,2,0,1,0,4,0,1,1,1,1,12,16,1,12,32,0,17,54,0,2,0,1,12,66,6
1,3,3,2,1,0,1,1,2,2,0,2,1,0,1,1,1,3,3,0,6,7,1,8,16,1,10,26,2,2,0,0,0,19,47
1,6,8,6,2,0,0,1,0,6,0,3,2,0,3,1,1,1,1,1,13,19,0,10,31,0,17,52,0,2,0,1,6,53,78
1,5,3,4,1,0,1,1,1,4,3,3,3,4,3,0,0,1,0,1,12,17,1,10,30,0,18,56,2,0,0,1,5,57,81
2,6,2,6,2,2,1,3,0,6,3,3,3,0,5,2,0,2,0,0,10,14,1,11,29,0,17,53,0,3,0,2,13,64,4
2,6,8,6,1,0,2,0,0,6,0,3,2,0,4,2,1,3,1,1,15,21,0,9,31,1,18,56,2,2,0,1,6,59,83
1,5,6,5,1,0,1,1,0,5,0,2,1,0,3,1,0,0,1,0,10,13,1,12,28,0,14,46,0,1,0,1,7,50,76
0,4,2,3,2,2,0,2,0,3,2,0,1,0,2,0,0,0,1,3,10,14,2,6,21,1,14,38,1,1,0,1,8,43,69
1,5,1,4,0,2,0,2,0,4,0,0,1,0,2,0,0,0,0,0,10,14,1,13,32,0,14,49,2,3,0,1,9,56,81
2,6,8,5,1,1,2,0,1,5,3,3,0,0,3,0,1,1,1,2,8,10,3,10,21,3,16,44,0,1,0,1,7,49,74
1,4,3,4,3,2,0,2,3,3,0,3,3,7,1,1,0,0,0,2,8,11,1,12,26,3,11,39,0,2,0,0,0,33,59
2,5,8,5,2,0,3,1,0,5,0,3,0,0,4,1,0,2,1,0,9,10,1,14,32,1,24,66,1,2,0,1,10,72,12
2,5,3,5,2,2,2,2,0,5,0,2,3,0,4,1,1,3,1,0,10,15,0,11,28,2,17,53,1,2,0,1,13,66,6
0,5,7,3,0,1,0,2,6,3,0,0,0,0,2,2,0,2,3,0,8,9,0,8,19,0,13,35,1,3,0,1,13,51,77
0,6,0,5,3,0,0,1,0,4,0,0,2,0,3,2,0,2,3,1,12,17,0,11,30,0,15,48,0,2,0,1,7,54,79
2,6,6,6,0,2,1,2,0,7,3,3,0,0,5,2,1,3,0,1,11,16,1,14,35,0,17,55,0,1,0,2,12,67,7
1,3,7,0,2,2,0,3,4,0,1,1,2,0,0,1,0,3,1,0,0,0,0,0,0,1,2,0,2,1,0,0,0,0,0
0,6,5,4,2,2,0,2,1,4,1,1,2,0,3,2,0,2,3,0,10,12,0,7,19,1,19,47,2,3,0,1,8,51,76
1,6,6,7,3,0,0,1,6,6,0,3,1,1,4,1,0,2,0,1,14,20,1,12,34,0,18,57,0,3,1,1,10,64,4
1,6,8,6,1,0,2,0,0,5,0,2,2,0,4,2,1,3,0,1,13,20,0,9,29,1,23,63,2,1,0,1,10,71,10
2,5,0,6,0,1,0,0,0,5,2,2,1,0,3,0,0,0,0,1,12,18,0,10,29,1,20,58,0,0,0,1,12,68,8
2,3,2,3,0,1,2,2,0,3,1,2,0,0,2,0,1,1,0,1,13,18,1,10,29,0,13,46,2,2,0,1,9,53,78
2,4,7,1,3,2,0,2,5,1,0,2,2,6,1,2,1,3,1,0,6,7,0,4,8,0,7,16,0,2,0,0,5,18,45
2,5,1,5,0,2,0,3,0,5,3,3,1,0,4,1,0,1,0,1,12,17,1,12,33,1,23,66,0,0,0,1,10,72,13
0,6,2,7,2,2,2,2,0,7,2,0,3,0,5,0,1,0,1,3,14,20,0,13,37,1,19,62,2,3,0,1,9,67,7
2,5,4,5,3,0,1,1,6,5,0,2,0,0,3,1,1,0,1,1,13,19,0,9,28,0,15,46,0,3,0,1,7,49,75
1,4,4,4,0,1,1,3,1,3,1,0,3,1,3,0,1,0,3,0,9,12,1,8,22,0,16,44,1,3,1,1,9,51,76
1,6,8,5,2,1,0,2,0,5,0,2,3,0,4,0,0,0,3,1,10,12,1,13,30,0,21,59,2,1,0,1,9,63,3
0,5,7,3,1,1,0,3,4,3,1,0,2,0,2,1,1,2,0,2,6,6,0,9,18,0,12,31,0,1,0,1,9,39,65
2,6,5,4,0,1,0,3,4,5,3,3,2,0,4,1,1,3,1,1,11,14,1,11,27,2,15,47,1,0,0,1,11,57,82
2,6,0,6,0,0,0,1,0,7,0,3,2,0,5,0,0,1,1,1,13,20,0,11,33,0,17,56,2,0,0,1,5,55,80
1,7,3,5,3,0,0,2,3,5,2,2,1,0,4,2,1,2,1,1,13,18,0,10,32,1,22,64,0,0,0,1,7,68,8
0,6,0,5,2,1,2,2,0,4,1,1,3,0,3,2,1,3,1,3,14,22,3,12,36,3,17,57,0,2,0,1,11,66,6
2,5,7,0,2,2,2,2,1,0,0,2,1,0,0,1,0,2,0,0,0,0,0,0,0,1,0,0,1,1,0,0,0,0,0
1,5,0,4,1,1,1,3,0,5,0,2,2,0,3,0,0,1,0,1,12,17,0,9,27,1,15,47,0,0,0,1,13,60,1
2,6,5,4,1,2,2,2,1,4,0,2,3,1,3,0,1,1,3,0,11,15,0,9,26,1,20,55,2,1,0,1,9,62,3
2,6,5,4,3,0,1,0,8,3,1,3,1,1,2,2,1,3,1,0,8,9,1,9,20,0,13,37,2,1,0,1,8,43,69
1,6,8,5,1,1,0,3,4,5,2,2,1,0,4,0,1,0,0,0,9,13,1,13,32,1,18,55,1,3,0,1,14,70,10
1,3,6,3,2,2,0,3,0,3,2,3,1,0,2,0,1,1,1,0,9,12,0,9,22,1,14,41,0,3,1,1,10,51,76
1,3,1,3,0,0,1,1,0,3,1,3,3,0,2,1,0,0,3,3,11,13,0,8,23,1,15,42,1,3,0,1,7,48,74
1,6,2,6,0,0,2,2,0,6,2,2,3,0,4,2,0,3,0,1,14,22,2,7,27,0,17,51,2,0,0,1,6,52,77
0,6,4,5,2,2,3,3,0,5,0,3,3,0,4,1,0,0,1,0,8,11,1,12,27,0,16,50,2,3,0,1,10,59,1
2,6,2,6,3,2,0,2,2,7,1,3,3,8,4,0,3,1,0,1,11,15,1,11,31,0,17,54,2,0,1,1,7,55,80
1,6,7,0,0,2,1,3,3,0,1,0,1,2,0,1,1,3,3,0,0,0,0,3,1,3,4,3,0,1,0,0,5,6,84
0,6,0,7,2,2,2,3,0,6,0,0,0,0,4,2,1,2,1,0,12,18,1,13,36,0,19,63,2,0,0,1,6,65,5
2,4,3,3,2,2,3,3,1,3,0,2,2,0,2,2,1,3,1,1,8,11,0,7,18,1,13,35,1,3,0,1,9,41,67
1,5,7,1,1,2,0,3,6,1,1,2,3,3,1,0,3,1,1,0,4,4,0,5,9,1,7,15,0,1,2,0,0,8,22
2,6,5,4,3,1,3,1,7,0,0,2,1,1,0,2,1,2,3,1,10,15,0,0,9,2,0,4,1,1,0,0,0,0,0
2,6,1,6,1,2,0,3,0,6,3,3,3,0,5,2,1,3,0,0,11,14,0,8,23,1,21,51,1,1,0,2,19,75,15
2,4,7,2,3,1,0,1,7,1,0,2,1,3,0,0,1,1,0,1,8,9,1,6,17,1,3,16,2,3,3,0,0,11,38
2,6,0,6,1,0,0,1,0,5,0,3,2,0,4,1,0,2,1,0,10,12,2,6,17,3,18,43,2,2,0,2,12,56,80
2,6,5,4,3,0,0,1,7,1,2,2,3,7,0,0,1,1,1,0,10,15,1,8,24,1,0,19,2,3,7,0,4,21,48
1,5,4,4,2,2,0,3,0,4,0,0,2,0,2,0,1,0,0,0,10,14,1,10,26,1,15,44,0,3,0,1,9,51,76
0,7,5,4,2,1,3,3,6,4,1,1,1,0,2,0,1,1,1,0,8,9,0,9,21,0,14,40,2,2,0,1,10,49,74
0,3,3,3,0,2,0,3,2,3,0,1,0,0,3,2,0,2,3,1,12,18,0,10,31,0,15,49,0,3,0,1,8,56,81
1,3,6,3,1,0,0,1,0,3,0,3,0,0,2,0,3,1,1,0,7,8,0,9,19,2,12,34,2,2,0,0,0,26,53
1,5,5,4,2,2,0,3,4,4,3,3,2,0,2,0,3,1,1,0,10,13,0,8,22,2,12,37,0,1,0,1,11,49,75
1,6,8,6,1,1,3,3,2,5,0,2,1,0,4,2,0,2,0,1,13,18,0,9,28,3,24,62,2,3,0,1,7,64,4
1,6,4,6,0,2,0,3,1,6,2,2,0,0,4,2,1,3,3,2,7,9,1,11,23,1,17,46,2,3,0,1,7,49,75
0,5,8,4,0,2,2,2,2,5,0,1,0,0,3,1,1,2,3,0,9,12,1,13,30,1,17,52,2,0,0,1,10,60,1
0,3,2,3,3,0,0,0,1,2,2,0,2,0,2,1,0,2,0,0,10,14,0,9,26,1,17,51,2,0,0,1,5,49,75
0,6,0,5,1,2,2,2,0,5,0,0,2,0,4,2,0,3,1,1,15,21,3,12,36,1,23,68,0,2,0,1,7,70,9
2,4,5,3,1,1,0,3,8,2,1,2,2,0,1,1,1,3,1,0,7,9,0,8,17,3,14,35,0,3,0,0,4,32,58
2,6,8,5,2,2,3,3,0,5,0,3,3,1,3,1,1,3,0,2,7,10,0,10,23,1,18,47,2,2,0,1,6,47,72
1,5,1,5,0,2,0,2,0,5,0,2,3,0,3,0,0,3,1,2,7,9,1,10,23,0,16,45,0,0,0,1,9,51,76
1,6,1,5,2,2,0,3,0,5,0,3,3,2,4,0,3,1,1,0,9,13,3,15,36,2,17,60,2,0,0,1,9,65,5
1,4,0,4,1,0,0,1,0,5,1,2,1,0,3,2,1,2,1,0,9,12,1,10,25,1,17,48,0,3,0,1,5,50,75
2,5,2,5,0,2,0,2,0,5,1,2,3,0,3,2,0,2,1,1,13,20,0,9,30,1,17,52,2,2,0,1,8,57,82
2,6,7,2,3,0,1,3,7,1,0,3,2,4,1,1,1,3,1,1,7,7,3,4,9,0,11,23,0,2,0,0,3,23,49
2,6,7,1,1,0,3,1,8,1,0,2,3,3,1,2,3,3,0,0,6,6,1,7,13,3,13,29,2,0,6,0,0,24,50
1,5,4,5,1,1,0,2,0,6,2,2,0,0,4,0,3,1,1,2,6,5,1,15,27,1,18,52,2,2,0,1,7,56,80
2,5,0,4,0,0,3,1,0,4,1,2,2,0,3,0,1,0,3,0,7,8,1,10,21,0,15,42,0,2,0,1,9,48,74
2,4,5,3,2,1,3,3,2,3,3,3,1,0,2,1,0,3,1,0,8,10,0,8,19,0,14,36,2,0,0,1,8,42,68
1,5,3,4,1,2,3,3,4,3,0,0,2,0,2,2,1,3,3,0,8,10,0,8,20,1,13,36,0,3,0,1,8,43,68
1,6,0,5,0,2,3,3,0,5,0,3,1,0,3,2,1,3,1,0,9,13,1,12,29,3,18,54,2,1,0,1,8,59,83
2,6,2,6,0,0,1,0,0,6,1,3,0,0,4,1,1,1,1,0,11,14,1,13,33,1,17,54,2,1,0,1,10,62,2
0,4,1,4,3,2,0,2,0,3,2,0,2,0,2,2,0,2,0,2,7,9,0,8,17,3,15,37,0,3,0,1,13,53,78
2,5,8,4,3,0,0,0,3,4,0,3,0,6,3,1,1,3,0,1,12,17,0,10,29,2,13,46,0,2,1,1,6,47,72
1,5,2,4,2,0,0,3,0,4,3,3,2,0,3,2,1,3,1,0,9,12,0,9,23,1,18,47,0,3,0,1,8,52,78
2,6,1,6,1,1,0,1,0,5,1,3,1,0,4,1,1,2,1,1,11,15,1,12,31,3,23,62,1,3,0,1,7,65,6
1,4,2,5,1,2,0,2,0,4,2,1,0,0,3,1,3,1,1,1,10,15,1,13,32,1,17,54,1,0,0,1,8,60,1
1,6,3,5,3,0,0,3,7,1,1,3,3,7,0,0,1,0,3,2,8,9,0,4,11,1,0,6,2,3,3,0,2,5,73
0,6,1,6,1,1,2,2,0,6,1,3,3,0,4,2,1,3,1,0,9,13,1,12,31,1,18,55,1,3,0,1,11,63,3
0,7,3,6,0,2,0,3,4,6,1,0,2,0,4,1,1,3,3,2,9,11,0,9,22,1,20,50,2,2,0,1,9,58,83
2,5,8,4,1,0,3,1,1,4,2,2,2,0,3,2,0,3,3,0,8,10,1,12,26,0,17,49,2,2,0,1,5,50,76
0,6,7,0,0,0,0,1,8,0,0,0,3,8,0,0,1,1,0,1,0,0,0,1,0,0,0,0,2,1,2,0,0,0,0
2,4,6,3,3,2,1,3,8,3,2,3,3,5,1,1,0,2,1,1,11,15,1,10,28,1,9,36,2,2,0,0,1,30,56
1,6,8,7,1,1,1,3,1,7,1,1,3,6,5,2,3,2,0,0,12,17,0,10,31,0,20,58,2,1,0,2,11,67,7
2,5,5,3,3,2,3,3,7,0,0,3,2,6,0,2,1,2,3,1,10,14,1,0,11,1,0,6,2,0,0,0,0,0,0
1,6,4,6,0,1,2,2,0,6,0,0,2,0,4,2,1,2,1,0,11,16,1,12,31,2,14,48,2,2,0,1,9,54,79
1,6,0,6,0,2,0,3,0,7,0,1,2,0,4,1,0,0,0,0,9,12,1,13,30,0,17,51,0,1,0,1,8,53,78
2,5,4,6,1,1,3,3,0,6,0,3,1,0,5,1,1,3,3,0,10,15,0,10,27,0,19,52,0,0,0,2,12,64,4
1,4,3,4,2,2,1,3,1,4,0,3,0,0,3,2,0,3,0,0,10,12,0,8,20,1,17,44,0,2,0,1,7,49,74
0,6,3,4,3,0,3,1,7,0,0,0,1,6,0,1,1,3,0,2,6,7,0,0,2,1,0,0,1,1,0,0,0,0,0
0,4,7,1,3,2,1,2,7,0,0,0,3,7,0,0,0,0,0,0,5,4,1,0,1,0,5,5,0,3,5,0,5,9,33
2,5,0,5,2,0,0,0,0,5,0,2,2,0,3,1,3,1,0,0,11,15,1,12,31,2,11,42,2,0,0,1,7,46,71
0,6,3,5,1,1,3,3,4,6,0,1,3,3,3,0,0,1,1,0,11,16,1,14,36,1,17,58,2,0,2,1,8,61,2
0,4,2,4,2,0,0,1,0,4,1,1,3,0,3,2,0,2,1,3,12,17,0,10,30,3,18,54,2,1,0,1,10,64,5
0,5,1,4,2,2,0,3,0,3,0,3,0,0,2,0,0,0,3,0,9,12,0,9,22,0,13,36,2,1,0,1,8,43,68
0,5,7,2,0,0,1,0,8,2,0,0,1,1,2,2,1,2,0,0,6,6,1,9,18,0,13,36,1,3,1,1,8,42,67
1,6,0,5,1,1,0,2,0,5,1,0,1,0,4,1,0,3,1,1,11,15,0,8,23,0,19,50,2,2,0,1,8,54,79
1,4,4,4,2,2,0,2,0,4,3,2,0,0,3,1,1,3,0,1,10,12,3,11,25,1,19,50,1,2,0,1,8,55,80
0,5,2,5,0,1,1,3,1,5,0,1,2,0,4,2,3,3,0,1,13,19,1,11,33,1,17,57,0,0,0,1,13,72,13
1,4,7,1,1,1,2,2,6,1,2,2,0,0,1,0,0,1,1,1,5,6,1,6,11,1,10,25,0,1,0,0,2,23,50
1,4,1,5,2,0,2,2,0,5,1,3,2,0,4,0,1,0,1,0,11,17,0,10,28,1,18,52,1,0,0,1,9,60,1
1,3,0,4,1,2,0,3,0,4,0,0,0,0,3,0,1,0,1,1,13,19,1,13,36,3,17,58,0,0,0,1,9,64,4
0,5,8,5,3,0,2,0,2,4,0,0,3,2,3,0,0,1,1,0,10,14,3,13,31,1,16,52,0,0,0,1,7,55,80
1,6,7,3,0,2,0,2,6,3,0,1,2,0,3,2,0,2,1,1,10,11,1,11,26,1,18,51,2,3,0,1,7,55,80
1,5,7,1,1,0,0,0,6,1,0,0,0,0,1,0,3,1,1,1,7,8,0,7,15,0,7,21,1,0,0,0,5,23,49
1,4,7,2,0,2,0,2,6,2,0,1,2,1,1,1,1,2,0,0,6,6,0,7,14,0,6,18,2,0,0,0,0,11,38
1,4,1,4,3,1,1,2,0,5,1,3,0,0,4,2,0,2,0,3,13,19,1,13,37,1,21,66,0,1,0,1,6,66,6
1,7,2,6,3,2,0,2,2,6,0,3,2,0,4,1,0,0,3,0,11,15,1,10,28,3,21,57,2,0,0,1,7,59,83
1,5,3,4,1,2,1,2,1,5,0,1,3,8,3,0,1,1,1,1,9,13,1,10,27,1,18,52,2,2,0,1,8,59,83
0,4,0,4,0,2,0,3,0,4,0,1,1,0,3,1,0,1,1,2,7,8,1,11,22,0,17,47,2,3,0,1,6,48,74
2,4,1,4,3,2,1,3,4,4,3,3,2,0,3,2,1,3,1,0,9,12,1,11,27,0,16,50,0,3,0,1,11,59,83
1,4,1,4,3,2,0,2,1,4,1,2,1,0,3,1,1,1,1,1,12,18,1,9,30,0,13,47,2,3,0,1,5,48,74
0,6,0,6,3,1,3,3,0,5,3,1,2,0,3,2,0,3,1,0,9,10,1,9,22,1,19,49,2,0,0,1,10,59,83
1,3,5,2,0,0,2,0,6,2,0,3,3,6,1,2,3,3,3,2,6,8,1,10,22,1,9,32,0,3,3,0,0,26,53
2,5,3,5,3,2,0,3,7,2,0,2,3,8,1,1,1,1,1,2,8,10,0,8,17,0,8,24,2,3,5,0,3,21,48
1,4,2,4,3,1,0,0,2,4,0,2,0,0,2,0,0,0,1,2,6,6,0,11,22,1,14,40,2,0,0,1,9,49,75
2,3,5,2,1,0,3,1,6,2,1,3,2,1,1,1,0,3,0,0,7,9,2,5,13,1,7,21,2,0,0,0,2,19,46
0,6,0,5,1,2,0,2,0,5,0,3,1,0,4,0,3,1,1,2,9,13,3,13,30,0,17,53,0,3,0,1,12,65,6
0,5,8,4,2,0,3,1,0,4,2,0,1,0,3,2,3,3,3,1,10,14,0,12,31,0,16,50,0,3,0,1,5,51,77
1,5,3,4,3,2,2,2,8,4,1,0,3,3,3,1,1,2,1,0,10,14,0,8,24,0,14,40,2,1,0,1,7,43,69
0,6,1,7,0,2,1,2,0,7,1,0,0,0,5,2,0,2,0,2,7,10,0,10,24,1,18,49,1,1,0,2,15,67,7
1,4,0,4,3,0,0,0,0,3,0,2,2,0,2,1,1,3,0,2,7,8,0,8,18,0,13,34,2,1,0,1,7,39,65
0,6,2,6,2,2,0,3,0,7,0,1,3,0,4,2,0,2,0,0,13,20,0,11,34,3,19,59,2,2,0,1,9,64,4
2,5,4,5,1,0,0,0,0,5,2,2,3,0,4,2,1,3,1,1,10,13,0,11,29,1,19,55,0,1,0,1,12,66,6
0,4,6,4,1,2,0,2,0,4,2,0,3,0,3,1,3,2,1,1,13,19,3,14,37,3,18,60,2,3,0,1,8,63,4
0,3,4,4,1,2,1,3,0,3,0,0,3,0,2,2,0,3,1,1,13,19,1,12,32,1,18,56,2,3,1,1,6,59,1
1,6,4,6,3,0,1,0,4,6,1,0,3,1,4,2,0,2,1,0,9,13,1,13,30,0,15,48,2,2,0,1,5,50,76
0,5,8,5,0,2,0,2,0,6,1,0,0,0,4,0,1,0,0,0,9,13,0,10,26,1,19,52,1,3,0,1,10,62,3
2,6,3,5,2,1,0,3,4,5,2,2,3,4,3,0,0,0,1,0,8,10,0,12,25,1,16,46,1,1,0,1,11,56,80
1,5,3,4,1,2,2,2,1,5,0,3,0,0,3,2,1,3,3,0,11,17,0,10,30,1,18,55,2,2,0,1,10,64,5
1,5,1,5,2,2,1,3,0,5,1,1,1,0,3,1,0,1,1,0,10,12,1,12,27,1,17,49,2,1,0,1,6,51,76
0,5,0,5,3,0,2,2,0,5,0,0,0,0,4,2,3,3,3,2,8,11,0,8,18,3,18,45,0,3,0,1,7,49,75
1,6,2,6,0,2,0,2,0,5,0,2,0,0,4,1,3,1,0,0,11,16,1,13,34,3,23,67,0,0,0,1,11,74,14
1,5,3,4,1,2,0,2,1,4,3,3,2,0,3,2,1,3,1,2,8,11,3,12,26,1,17,50,2,1,0,1,10,60,1
1,6,8,5,3,0,3,1,7,1,1,1,0,6,0,0,1,0,0,1,11,15,0,6,19,2,0,14,0,2,0,0,0,9,33
2,6,7,2,1,2,0,3,8,2,0,2,2,0,1,1,0,3,1,0,8,9,0,8,17,1,11,31,0,2,0,0,1,27,54
2,4,3,3,0,1,2,1,6,3,0,3,1,0,2,2,3,3,1,0,9,10,0,8,20,1,14,38,2,1,0,1,6,39,65
1,6,3,4,3,0,0,0,3,3,3,3,3,3,2,1,0,1,1,1,13,19,1,9,29,1,14,45,2,0,2,1,7,49,75
1,7,4,7,1,2,0,3,2,7,1,3,0,0,5,2,1,3,1,0,12,16,0,8,25,1,19,54,0,0,0,2,16,71,10
0,3,3,2,0,0,0,1,2,2,3,1,3,6,1,0,1,1,1,0,6,6,0,6,11,0,7,19,2,2,1,0,0,13,41
2,5,1,5,2,0,0,1,0,5,0,3,2,0,3,1,0,0,0,1,13,20,0,8,27,0,14,46,2,3,0,1,8,51,77
0,4,0,4,0,2,1,3,0,4,1,1,3,0,3,1,1,2,1,1,11,15,0,9,24,2,12,38,0,0,0,1,10,46,71
2,3,8,3,0,1,2,2,0,3,3,3,0,0,2,1,3,3,1,0,10,14,1,8,22,0,13,36,2,0,0,1,9,43,69
2,4,7,1,3,2,0,3,5,1,0,3,0,3,1,0,1,1,3,0,6,5,3,7,13,0,7,19,0,1,2,0,2,16,44
1,3,7,1,3,0,0,1,7,0,3,1,2,2,0,2,1,3,3,1,7,7,1,0,3,1,4,6,2,2,0,0,0,3,51
2,6,0,6,0,2,0,2,0,6,1,3,3,1,4,0,0,0,3,1,10,14,1,10,27,0,20,55,0,1,0,1,7,58,82
0,6,8,5,2,2,0,2,0,4,2,0,2,0,3,2,1,3,3,1,12,17,0,11,31,1,16,51,0,1,0,1,11,61,2
1,6,4,6,2,0,3,1,0,6,2,0,2,0,4,0,1,1,3,0,9,12,1,13,29,0,16,51,2,1,0,1,10,59,83
2,4,1,4,0,2,0,2,0,4,1,2,0,0,2,0,0,0,0,0,11,17,1,11,31,1,15,48,0,1,0,1,10,56,81
2,6,8,5,0,0,1,2,0,5,2,2,0,0,3,1,1,1,0,1,10,14,0,11,27,0,15,46,1,3,0,1,8,51,76
1,7,7,0,0,2,0,2,8,0,3,3,1,1,0,2,0,3,1,0,3,3,3,0,0,1,0,0,1,3,4,0,1,0,0
0,4,8,3,0,0,3,1,4,2,1,1,1,0,2,0,3,1,1,0,9,12,0,7,20,1,17,42,0,1,0,1,10,52,77
1,4,3,3,0,0,2,2,4,3,0,2,0,0,2,1,1,3,1,0,10,12,1,11,27,2,12,41,0,0,0,0,5,43,69
0,4,4,4,3,2,0,3,3,3,0,0,2,0,2,0,1,0,0,0,9,11,0,9,21,0,14,40,2,2,0,0,0,33,59
0,6,7,0,3,1,2,0,5,0,1,1,1,4,0,1,0,0,1,0,0,0,3,0,0,1,0,0,2,1,0,0,0,0,0
2,5,5,3,0,0,1,0,6,3,1,3,1,0,3,1,0,2,0,2,6,6,0,10,19,0,15,40,0,2,0,1,8,44,70
1,6,1,7,0,2,0,3,0,6,0,2,0,0,4,2,1,2,0,1,12,16,1,15,36,0,15,56,2,2,0,1,11,63,4
2,4,7,1,2,0,0,2,6,1,0,3,2,0,1,2,1,3,0,0,5,4,1,7,11,0,9,21,0,0,0,0,0,16,43
1,6,1,6,1,2,0,3,0,5,0,2,1,0,3,1,1,3,0,0,10,14,0,11,29,0,16,47,2,2,0,1,9,54,79
2,7,0,7,1,0,0,1,0,7,3,3,2,0,5,2,1,3,1,0,11,16,3,15,37,1,21,66,0,3,0,2,10,74,14
1,6,5,4,1,1,2,0,4,4,0,0,0,0,2,2,1,2,1,0,9,12,0,9,23,0,13,38,2,3,0,1,6,41,66
1,4,2,5,1,0,2,0,0,4,3,3,3,0,3,0,1,1,1,0,11,16,0,8,26,1,16,48,0,3,0,1,7,52,78
1,6,5,3,1,1,3,3,2,2,1,0,1,0,1,2,0,2,0,1,9,12,0,8,22,0,11,35,0,3,0,0,2,31,57
1,6,8,5,2,2,0,2,0,4,0,3,3,0,3,1,1,2,1,2,10,13,1,13,33,1,18,58,2,1,0,1,7,63,3
2,6,8,6,2,0,0,0,2,7,0,2,2,0,4,0,3,1,1,0,9,10,1,15,30,0,17,53,0,0,0,1,10,62,3
2,5,8,4,1,2,0,2,0,5,2,2,3,0,4,0,1,1,1,1,12,18,1,13,34,0,18,59,1,3,1,1,10,69,9
2,5,7,0,2,2,0,2,4,0,3,3,2,0,0,2,1,3,0,1,0,0,0,3,1,0,1,0,0,0,0,0,6,6,84
0,3,4,3,1,0,2,0,0,3,0,0,3,0,2,2,3,3,0,0,8,10,1,9,22,0,12,38,0,2,0,1,11,51,77
2,6,0,7,3,1,2,2,0,7,3,3,2,0,5,1,1,2,1,0,11,14,3,15,34,2,17,56,2,3,0,2,11,64,4
2,5,6,5,0,1,1,1,2,4,0,2,2,0,3,2,0,2,3,0,10,13,1,12,29,0,15,46,2,1,0,1,6,47,72
0,5,8,4,3,1,2,2,6,3,1,1,1,0,2,1,1,3,3,3,16,25,1,8,31,0,13,48,2,1,0,1,8,54,79
1,3,3,2,1,1,0,2,4,2,1,0,3,4,1,2,1,2,1,1,10,15,3,11,29,1,10,40,2,2,0,0,0,33,59
1,5,0,5,0,0,2,0,0,5,0,2,1,0,3,1,1,0,1,3,17,25,1,11,36,0,18,61,0,2,0,1,9,68,8
1,3,4,3,3,0,0,0,1,3,1,3,0,0,2,0,1,1,1,0,10,14,1,9,23,0,12,37,2,3,0,1,9,46,71
0,6,4,5,2,1,2,0,0,5,1,1,3,1,3,0,3,1,1,0,11,15,1,11,29,1,16,50,2,0,0,1,6,50,75
0,7,1,7,1,2,0,3,0,6,3,1,2,0,4,2,1,3,0,0,12,17,0,9,28,1,17,50,2,1,0,1,6,54,79
0,6,6,5,0,0,3,1,0,4,0,1,3,0,3,2,0,2,1,0,9,11,3,15,32,1,17,54,0,1,0,1,9,59,83
0,6,8,6,1,0,0,1,2,7,2,0,1,0,5,2,0,2,1,0,12,17,0,10,29,0,21,58,1,3,0,2,13,70,9
2,6,6,5,3,1,2,2,3,4,0,3,1,4,3,1,0,0,1,0,11,15,1,10,28,1,21,58,2,2,0,1,9,65,5
2,4,6,4,0,2,1,2,0,3,0,2,1,0,2,1,1,2,1,0,8,10,1,9,20,3,13,37,2,3,0,1,8,42,67
1,7,8,7,3,2,0,3,5,4,3,3,0,2,3,0,3,1,0,1,11,14,0,8,21,1,15,41,0,0,0,1,8,47,72
1,6,4,6,3,1,0,2,2,6,2,2,2,0,4,2,1,2,1,1,14,21,1,15,42,0,18,66,0,1,0,1,8,72,12
2,5,8,4,3,2,1,2,8,4,0,2,0,2,2,2,0,2,0,3,13,21,2,7,30,1,12,43,2,0,0,1,8,50,76
2,6,4,7,1,2,0,2,0,7,2,2,0,0,5,2,0,2,1,1,13,19,1,14,38,0,21,66,1,0,0,2,16,85,25
0,4,0,4,2,2,3,3,0,3,0,0,2,0,2,1,0,1,3,0,8,10,1,12,28,0,16,49,2,2,0,1,8,54,79
2,6,2,6,0,0,3,3,0,6,1,3,1,0,4,2,1,3,3,3,15,21,3,14,40,1,18,61,0,2,0,1,9,67,7
1,5,7,2,2,1,2,2,3,1,0,3,2,2,1,1,0,0,1,1,8,11,1,4,13,2,10,25,2,1,0,0,1,22,48
2,4,3,3,0,0,0,0,1,3,2,2,2,0,3,2,1,3,1,1,9,13,0,9,24,0,14,42,0,0,0,1,10,49,75
0,6,7,3,2,1,0,3,2,2,1,1,1,0,2,1,3,1,1,1,11,14,3,10,28,2,13,43,0,1,0,0,3,40,66
2,3,5,2,0,2,2,2,6,2,1,3,0,1,1,0,1,0,0,0,7,7,0,7,15,1,10,26,1,0,0,0,0,21,48
1,6,1,6,0,1,1,0,0,7,0,2,2,0,5,2,1,3,3,0,10,13,1,12,29,1,19,54,0,0,0,2,11,64,4
2,6,8,6,3,0,0,1,7,2,0,2,3,7,0,1,3,3,3,1,11,14,0,7,21,0,6,26,2,3,7,0,3,25,52
1,4,1,4,3,0,0,0,1,4,0,2,2,0,3,2,0,2,1,2,8,11,1,11,25,0,14,42,0,1,0,1,11,54,79
0,4,4,4,3,1,0,0,2,4,3,1,2,0,3,2,0,2,1,1,10,12,1,10,26,1,15,46,1,1,0,1,10,54,79
1,5,2,5,0,0,0,0,0,6,0,1,2,0,4,1,1,1,0,2,8,10,1,13,28,0,19,53,0,0,0,1,12,66,6
1,5,3,5,0,1,0,2,1,6,1,3,3,2,4,1,0,1,3,1,12,17,1,13,33,0,18,54,0,3,1,1,9,60,1
1,5,6,6,3,0,0,1,6,5,1,2,3,4,4,1,1,0,1,1,12,16,0,11,30,0,18,55,1,3,6,1,10,64,5
2,6,5,4,1,2,0,2,4,4,0,2,0,0,3,2,1,3,1,0,9,11,0,8,20,1,18,46,2,2,0,1,7,50,75
1,6,3,6,1,0,3,3,2,5,3,2,1,0,4,0,0,1,3,0,9,11,1,10,24,1,18,48,2,3,1,1,5,48,74
2,6,1,7,0,1,0,1,0,7,0,3,1,0,5,0,1,3,0,0,8,10,0,11,25,1,23,59,2,1,0,2,11,70,9
1,3,3,2,1,0,2,0,6,2,2,2,1,0,1,1,0,2,0,0,9,13,1,8,23,2,6,28,0,2,0,0,2,25,52
1,6,7,3,1,2,0,3,6,3,0,2,3,8,2,0,0,1,0,0,9,13,1,10,26,1,13,42,1,2,2,1,15,60,1
1,6,1,6,3,2,0,2,1,5,2,2,3,2,3,2,1,2,1,1,12,17,1,12,31,1,16,51,2,1,0,1,9,58,82
0,6,7,2,3,1,0,3,7,0,1,0,3,5,0,1,1,3,0,1,8,12,1,3,12,3,1,7,1,0,8,0,1,4,62
1,4,5,2,3,0,1,0,5,2,0,3,0,4,1,2,1,3,3,0,7,7,0,7,14,0,6,18,0,0,0,0,4,18,45
1,6,2,6,3,1,0,3,2,5,2,0,0,0,4,1,1,3,1,0,10,14,1,12,31,2,15,51,0,0,0,1,9,59,83
2,6,2,5,2,2,0,2,0,5,0,3,0,0,4,2,1,2,0,0,10,14,1,11,29,0,16,50,2,2,0,1,6,51,76
0,4,4,4,1,1,0,2,0,5,0,0,0,0,3,1,1,2,1,1,11,14,0,10,28,1,16,51,0,3,0,1,10,59,1
1,6,8,6,3,1,0,3,3,5,0,0,1,0,3,1,1,3,1,0,11,14,1,10,25,3,18,51,0,1,0,1,9,59,83
0,5,2,5,2,1,3,3,0,5,1,3,3,0,4,0,0,3,1,0,8,10,0,8,19,2,17,43,0,0,0,1,7,48,74
1,4,3,3,2,0,0,0,0,3,1,2,2,0,2,1,1,2,0,2,7,10,0,7,18,1,11,30,0,0,0,1,7,35,61
2,5,2,5,1,2,0,2,0,5,1,3,0,0,4,0,1,1,0,1,13,20,0,10,32,1,21,62,2,2,0,1,7,67,7
2,6,6,6,3,0,2,0,8,6,0,2,1,0,5,2,1,3,1,2,8,9,1,15,31,0,17,53,0,3,1,1,8,61,1
0,4,0,4,1,0,0,2,0,4,2,0,2,0,3,1,1,2,1,0,10,15,0,10,28,1,17,50,2,2,0,1,8,53,78
0,6,5,4,1,2,0,2,6,3,0,0,2,0,2,0,0,0,0,0,9,12,1,12,27,1,17,49,0,2,0,1,11,61,1
0,3,3,3,0,1,3,3,6,3,0,0,0,0,2,0,1,0,0,0,7,7,1,11,21,3,17,44,2,1,0,1,6,44,69
1,4,0,4,1,1,3,3,0,4,1,2,0,0,3,2,0,2,1,0,8,11,1,9,22,1,17,46,0,0,0,1,12,60,1
1,6,6,5,3,0,0,0,6,4,0,1,0,2,3,1,3,3,1,0,10,15,0,11,29,1,19,56,1,0,0,1,11,65,5
2,6,6,5,2,0,0,0,0,5,2,2,0,0,3,1,0,2,1,0,10,12,0,10,26,0,16,46,2,3,0,1,9,52,78
1,4,3,3,0,0,0,3,2,3,2,0,3,1,2,1,0,3,1,0,10,13,1,11,29,2,13,45,2,1,0,1,5,46,71
2,5,0,5,2,0,0,0,0,5,0,3,3,1,3,0,0,0,0,1,13,19,0,12,33,0,19,60,1,2,0,1,11,69,9
2,6,2,6,2,2,2,2,0,5,3,3,1,0,3,0,0,0,3,3,15,21,1,12,36,0,19,60,2,0,0,1,6,61,2
0,3,5,2,2,0,0,1,2,2,1,1,3,4,1,0,1,0,0,1,9,12,0,7,20,0,10,30,0,3,2,0,0,25,52
2,6,8,5,0,1,3,3,1,5,0,3,2,0,3,2,3,3,1,2,7,7,0,10,19,1,17,43,1,0,0,1,8,48,74
2,6,0,5,0,0,0,0,0,4,1,2,2,0,3,1,3,3,1,0,9,11,0,8,20,0,15,40,0,1,0,1,9,49,74
0,5,7,0,2,1,0,0,0,0,1,0,1,0,0,0,1,1,0,1,0,0,0,0,0,0,0,0,0,3,0,0,0,0,0
0,4,7,1,1,2,2,2,4,1,0,0,0,0,1,2,1,2,0,0,6,6,0,5,10,1,12,27,2,3,0,0,0,21,48
1,4,2,4,0,2,0,2,0,4,3,3,0,0,3,1,1,0,1,0,9,11,0,8,20,1,17,45,2,0,0,1,7,50,76
2,7,0,6,0,2,0,2,0,6,0,3,0,0,4,2,3,3,1,1,14,20,3,13,37,3,20,64,2,0,0,1,10,70,9
1,6,5,3,1,0,1,0,1,3,0,1,0,0,2,1,0,3,0,3,11,16,1,9,27,1,14,45,2,3,1,1,9,51,77
2,6,8,6,0,0,1,0,1,5,0,3,1,0,4,0,3,1,1,0,10,14,0,9,26,0,18,49,1,1,0,1,9,56,80
0,3,1,3,0,0,0,0,0,3,1,1,3,0,2,2,3,3,1,1,10,13,0,7,21,1,15,42,0,1,0,1,8,47,72
2,3,3,2,3,2,0,2,8,2,0,3,3,5,1,1,1,3,1,0,6,6,1,10,20,0,8,27,0,3,7,0,0,21,48
1,5,6,5,2,2,0,3,0,5,1,2,1,0,3,2,0,2,0,0,10,14,1,10,27,0,18,52,0,2,0,1,11,63,4
2,4,6,3,2,1,0,2,0,2,3,3,1,0,1,1,3,3,1,1,10,13,0,7,21,0,9,31,0,0,0,0,0,22,48
0,6,2,6,3,2,3,3,2,6,0,1,1,0,4,0,0,3,0,0,9,13,0,11,27,1,24,60,2,2,0,1,7,62,2
1,6,1,6,3,2,3,3,4,5,1,2,0,0,4,1,3,1,3,2,7,8,0,8,18,0,18,45,2,1,0,1,8,51,77
1,4,4,5,3,0,0,1,3,5,2,0,3,8,4,1,1,2,3,2,6,7,0,9,17,0,19,46,0,0,0,1,5,45,70
1,4,6,3,0,1,1,0,0,4,0,3,2,0,3,0,0,0,0,1,9,13,0,10,26,0,17,49,0,1,0,1,12,60,1
0,5,4,5,0,0,0,0,0,6,0,1,0,0,4,0,1,3,3,0,12,17,1,12,33,1,20,60,0,0,0,2,15,78,17
1,6,1,6,1,0,0,0,0,7,0,2,3,0,5,2,0,2,1,1,13,18,3,14,38,1,20,64,2,2,0,2,15,81,20
2,6,6,5,3,2,1,3,6,5,3,3,3,8,3,2,0,2,0,0,10,12,1,10,26,0,16,48,0,1,0,1,6,50,75
1,5,3,4,1,2,0,2,0,5,1,3,2,0,4,2,0,3,1,3,12,17,3,14,37,1,18,60,0,2,0,1,10,69,8
1,6,7,2,2,1,0,0,2,2,1,0,3,2,1,0,1,1,3,2,5,4,0,7,13,0,10,24,1,2,0,0,0,19,47
0,6,3,5,0,2,0,3,4,4,2,0,0,0,3,0,1,0,1,0,9,13,0,9,23,2,12,38,0,1,0,1,10,48,74
2,6,1,5,0,0,1,0,0,4,0,2,1,0,2,2,0,3,3,0,9,13,1,14,31,1,14,49,0,1,0,1,7,52,77
1,6,7,1,2,1,1,0,1,1,2,0,2,0,0,2,1,3,0,1,5,6,0,6,13,0,0,9,1,1,0,0,1,6,84
1,6,6,5,2,1,3,2,0,5,1,2,3,0,3,0,0,2,1,1,11,16,1,11,31,1,21,61,2,2,0,1,10,69,9
1,5,6,4,3,0,0,2,6,4,1,2,2,0,3,2,1,2,0,0,10,14,1,9,25,0,14,43,0,1,0,1,9,52,77
1,6,0,5,1,0,1,1,0,5,0,3,1,0,3,1,1,3,1,2,7,9,1,12,26,2,13,43,1,2,0,1,9,52,78
1,6,6,5,3,0,0,0,2,5,1,3,1,0,3,2,0,3,1,0,9,13,0,8,23,0,16,44,0,0,0,1,7,49,75
1,4,5,3,2,1,0,3,2,2,0,2,0,0,1,2,1,2,1,1,9,12,0,6,17,1,10,30,2,0,0,0,1,22,49
2,6,6,7,0,1,1,2,0,7,0,3,2,0,5,1,0,2,0,0,12,17,1,11,31,0,19,55,0,1,0,1,10,62,3
0,5,8,4,0,2,0,2,1,4,1,1,1,0,3,2,0,2,1,2,6,6,0,10,20,3,19,47,2,0,0,1,7,52,77
2,6,3,4,2,2,0,3,1,4,0,2,2,0,3,0,3,1,1,1,12,17,0,10,29,1,15,46,0,3,0,1,9,54,79
2,4,3,3,1,1,1,3,4,3,0,2,1,0,2,2,1,2,3,0,8,10,1,11,25,1,11,38,2,2,0,1,5,40,66
1,6,1,7,0,2,2,2,0,6,1,2,3,0,4,2,1,2,0,1,12,17,0,11,31,0,14,47,2,2,0,1,6,48,74
2,6,7,2,3,2,0,2,7,0,0,2,1,2,0,1,1,3,0,1,9,12,0,3,13,0,0,9,2,2,0,0,0,4,62
1,4,5,3,2,1,0,3,1,3,2,2,3,2,2,0,1,0,1,0,9,11,1,12,26,1,16,48,1,2,0,1,9,55,80
1,4,3,3,2,2,0,2,0,3,0,2,2,0,2,0,1,1,1,0,8,10,3,11,23,2,13,40,1,2,0,1,11,50,76
1,6,4,7,3,0,0,0,4,6,0,3,1,0,4,0,0,3,1,1,13,20,0,9,30,0,16,48,1,0,0,1,12,60,1
2,4,1,3,0,0,0,0,0,3,1,2,0,0,2,1,1,2,1,0,9,13,0,8,21,1,16,44,2,2,0,1,7,48,74
0,6,1,6,2,1,2,2,0,6,0,1,0,0,4,0,1,0,3,0,10,15,2,10,28,0,18,54,0,3,0,1,9,59,83
0,6,6,5,0,1,1,3,0,5,3,1,3,0,3,2,1,2,0,0,10,12,0,8,21,1,19,47,0,0,0,1,7,50,75
2,5,0,4,2,2,1,2,0,4,0,2,0,0,3,0,0,0,1,0,9,11,1,13,28,0,18,53,0,1,0,1,11,66,6
2,6,3,4,0,2,3,2,4,4,1,3,0,1,3,2,0,3,3,0,7,9,0,10,22,1,19,50,2,3,1,1,9,57,82
2,6,5,4,3,1,1,3,7,0,1,3,1,4,0,1,1,3,1,1,12,18,0,0,13,0,4,14,2,3,5,0,3,14,42
2,6,7,2,2,0,0,1,2,2,2,2,1,0,1,1,1,1,1,0,8,10,0,9,21,1,11,34,0,1,0,0,0,26,53
2,5,8,5,3,1,0,0,4,4,0,3,1,0,3,1,3,3,3,0,10,14,0,11,29,0,15,47,2,2,0,1,10,57,82
2,6,0,6,3,2,0,3,0,5,0,2,0,0,4,2,0,3,0,2,9,12,1,15,35,0,16,55,2,3,0,1,7,59,83
1,6,2,6,2,0,0,0,0,7,0,2,3,0,4,2,1,2,0,2,8,9,0,9,18,1,17,43,0,1,0,1,10,53,78
2,6,7,2,0,1,0,2,6,2,0,2,0,1,2,2,1,2,3,0,6,6,0,6,12,0,14,29,0,2,0,1,7,33,59
2,6,2,6,2,1,0,3,0,5,0,3,1,0,3,2,0,2,0,1,12,17,1,11,31,1,20,59,2,0,0,1,7,61,1
1,6,1,6,0,1,1,1,0,5,0,2,0,0,4,1,1,3,1,0,9,12,0,9,23,1,17,47,0,2,0,1,10,54,79
1,6,5,5,3,2,0,2,7,2,1,2,2,1,1,2,1,3,1,1,13,18,0,6,24,1,9,33,2,3,1,0,2,29,56
0,4,4,4,1,0,0,0,0,3,1,1,1,0,2,2,0,3,1,0,9,13,1,9,23,1,15,42,2,0,0,1,11,53,78
1,6,0,5,2,0,3,1,0,5,0,3,2,0,3,1,1,0,0,0,10,14,0,9,25,1,19,50,0,0,0,1,9,58,83
0,5,4,6,0,0,0,0,0,5,1,0,1,0,3,1,1,2,1,0,10,13,0,9,25,1,16,47,0,0,0,1,6,50,75
0,4,8,4,0,0,0,0,0,4,3,1,0,0,2,1,1,1,0,1,10,14,1,11,28,0,14,45,2,0,0,0,0,36,61
2,6,6,5,2,0,0,0,0,5,0,2,2,0,4,2,1,3,1,0,9,13,2,8,23,1,21,52,1,2,0,1,11,62,3
0,6,1,6,2,2,0,3,0,6,3,1,2,0,4,2,1,3,0,0,10,14,1,11,28,1,18,52,0,1,0,1,11,64,5
0,6,8,5,3,0,3,1,3,4,0,1,2,1,3,1,0,2,1,1,12,18,0,9,28,1,17,51,2,2,0,1,5,51,77
0,5,3,4,0,1,2,2,4,4,1,0,2,0,3,2,0,2,0,2,9,13,0,10,25,1,18,50,0,1,0,1,6,54,79
0,4,1,4,3,2,0,2,1,4,3,0,1,0,3,2,1,2,0,1,13,17,1,11,31,2,13,45,0,3,0,1,11,56,81
0,6,1,6,0,1,2,2,0,6,0,1,3,0,4,0,3,1,1,2,7,9,0,10,22,1,18,47,0,3,0,1,7,51,76
2,6,0,7,2,0,3,0,0,7,2,2,3,0,4,1,3,3,0,1,12,16,0,11,31,1,17,53,2,0,0,2,11,66,6
1,6,3,4,2,2,0,2,0,4,0,1,2,0,3,2,3,3,0,2,7,8,0,8,17,0,14,34,0,2,0,1,10,43,68
1,6,6,5,3,2,0,2,6,4,0,3,3,7,0,2,1,3,0,0,9,10,1,11,25,0,0,18,0,0,8,0,6,22,49
1,5,0,5,1,1,2,0,0,6,0,1,3,0,4,1,1,3,0,1,12,18,0,12,36,1,18,61,1,1,0,1,10,69,8
0,6,8,5,3,0,3,1,7,0,2,0,3,5,0,0,3,1,0,0,8,12,0,0,8,1,4,11,0,3,7,0,0,4,62
1,6,0,6,0,1,0,1,0,7,0,0,3,0,4,1,3,3,3,0,10,13,1,13,33,0,18,56,2,3,0,1,4,53,78
1,5,4,5,1,0,0,0,0,5,1,1,0,0,4,1,1,0,0,0,9,13,1,13,31,0,19,55,0,0,0,1,11,64,4
2,6,6,7,2,0,0,0,0,6,0,3,0,0,4,0,1,1,0,1,13,18,1,11,30,0,16,53,0,0,0,1,13,68,8
1,4,3,3,3,1,3,3,3,2,2,2,0,4,1,2,0,2,0,0,9,11,0,8,20,1,11,32,2,0,0,0,2,27,54
0,6,0,7,2,0,3,1,0,6,0,0,2,0,4,1,1,3,0,0,11,14,1,11,27,1,21,59,2,2,0,1,6,60,1
1,7,7,2,1,2,0,2,2,2,2,2,2,0,2,2,0,2,3,0,7,9,0,6,13,1,16,34,1,1,0,1,9,43,68
1,6,4,5,1,0,1,1,0,5,0,3,0,0,3,0,0,1,0,1,13,19,2,7,27,1,19,53,2,1,0,1,5,54,79
0,6,5,4,1,0,3,1,2,4,3,1,3,4,3,2,1,3,1,1,9,11,2,6,19,1,17,41,2,0,0,1,7,45,70
0,7,0,6,1,2,0,2,0,6,0,1,0,0,4,1,1,1,1,1,13,17,1,12,33,2,14,51,0,3,0,2,14,67,7
2,5,3,4,3,2,0,2,3,3,1,2,0,0,2,1,1,2,0,1,10,15,0,8,24,0,13,40,0,0,0,1,13,56,80
2,5,3,4,1,1,0,0,1,4,2,2,0,0,2,2,0,2,1,0,8,11,0,10,23,0,14,42,0,1,0,1,10,53,78
2,5,7,1,2,1,0,2,1,1,1,2,1,0,1,1,3,1,0,2,4,3,1,5,7,0,8,16,0,3,0,0,4,16,43
1,7,7,2,0,0,0,0,3,2,3,1,3,7,0,2,1,3,1,1,8,10,1,8,20,0,2,17,0,2,8,0,6,21,47
0,4,6,4,3,2,2,2,3,3,0,0,0,2,2,0,1,1,1,1,11,16,1,11,31,2,11,44,2,3,4,1,5,45,70
1,4,3,3,0,1,1,0,1,3,0,2,2,0,2,1,1,1,1,1,8,11,0,9,22,0,16,41,0,0,0,0,0,32,58
0,7,2,7,3,0,3,1,4,6,2,1,2,0,4,1,1,1,1,0,9,11,0,11,26,0,14,42,2,3,0,1,6,45,70
1,6,4,5,3,1,0,2,4,5,1,2,0,0,3,1,1,2,0,1,12,17,0,8,26,1,17,50,2,1,0,1,7,54,79
0,6,1,5,3,2,1,2,1,4,2,0,3,0,3,1,1,3,3,2,6,7,0,10,19,2,14,37,2,2,0,1,6,39,65
2,4,3,3,2,2,0,3,1,3,1,3,1,0,2,0,1,1,1,0,8,10,1,10,22,1,16,44,2,3,1,1,7,49,75
2,4,0,4,3,0,0,1,0,5,3,3,0,0,3,1,0,2,0,1,10,15,1,11,29,1,20,58,0,3,0,1,8,63,4
2,6,2,6,3,2,0,2,4,6,3,3,3,3,4,1,1,2,1,0,10,13,0,10,26,1,19,53,0,3,3,1,6,56,81
2,6,7,0,0,0,0,1,3,0,0,2,2,0,0,0,0,1,3,0,0,0,1,1,0,2,3,2,1,2,0,0,3,2,40
2,7,3,6,3,1,0,3,7,0,0,2,0,8,0,1,1,3,3,1,14,19,0,1,16,0,0,12,0,1,6,0,5,17,45
2,6,6,5,2,2,3,2,0,5,1,3,2,0,4,1,3,3,0,0,10,12,0,8,22,0,15,42,0,1,0,1,10,53,78
0,6,4,6,1,2,2,2,0,6,1,1,3,0,4,2,0,3,1,1,15,22,0,12,38,0,19,63,1,3,0,1,9,70,9
2,3,0,3,2,2,0,2,0,3,3,3,2,0,2,2,1,3,1,0,10,13,3,9,25,1,17,47,0,1,0,1,9,54,79
1,4,4,4,2,2,0,3,0,4,1,1,1,0,3,0,3,1,1,2,7,8,1,11,22,1,16,42,2,2,0,1,9,49,74
1,6,6,5,3,1,0,2,8,5,0,1,1,4,4,2,1,3,1,0,9,11,1,10,24,0,16,47,2,2,0,1,11,56,81
2,3,5,2,0,2,1,2,6,2,2,2,0,0,1,2,0,2,0,0,6,7,0,9,19,1,11,31,2,0,0,0,0,24,50
0,4,1,3,0,0,0,0,0,2,0,0,0,0,1,1,1,2,0,1,12,18,0,7,25,0,7,32,1,1,0,0,5,34,60
0,5,3,4,1,2,0,2,1,3,0,1,2,0,2,1,1,2,1,2,7,9,0,10,22,2,13,40,0,1,0,1,12,54,79
2,5,6,5,0,1,0,0,0,6,0,3,2,0,4,1,3,1,0,1,12,18,1,11,32,0,14,49,0,3,0,1,9,56,80
2,7,6,6,3,2,0,2,6,6,1,2,1,1,4,2,1,3,1,3,16,24,1,12,39,1,19,65,1,2,0,1,7,64,4
2,7,8,7,2,2,0,3,1,7,0,3,1,0,4,2,1,2,0,0,10,14,1,13,31,1,19,55,2,3,0,1,11,66,6
0,4,2,4,0,0,0,1,0,3,0,1,2,0,2,2,0,2,1,0,9,13,1,11,27,2,11,40,2,3,0,1,7,46,71
1,6,1,6,2,0,1,0,0,6,1,3,0,0,4,2,1,2,0,0,8,10,0,9,22,1,18,47,2,1,0,1,9,55,80
0,6,0,5,1,1,3,3,0,5,0,1,1,0,4,1,1,3,0,1,11,15,0,11,30,0,17,53,0,2,0,1,8,56,80
1,6,1,6,3,1,0,3,6,6,3,0,1,0,5,1,1,0,1,0,11,14,3,14,32,1,18,54,2,0,0,2,12,67,7
0,6,7,2,0,0,1,0,3,2,0,0,0,2,1,0,0,0,0,0,6,7,1,8,16,0,10,28,0,0,0,0,2,25,52
1,4,2,3,3,2,0,2,4,3,1,1,2,0,2,2,0,2,1,0,8,10,0,9,22,1,14,40,0,3,0,1,11,52,77
0,6,1,7,3,2,0,2,0,7,0,1,3,0,5,0,0,1,0,1,12,18,0,10,31,1,19,55,2,0,0,2,11,65,5
1,6,2,6,3,2,0,2,2,5,2,3,3,6,3,2,3,3,1,3,14,21,1,11,37,0,18,61,1,0,0,1,10,68,8
0,6,7,2,0,2,1,3,3,2,0,1,1,6,1,2,0,2,1,0,7,8,0,8,18,1,13,36,2,0,0,0,1,30,57
1,6,1,7,1,1,0,3,0,7,1,1,2,0,5,0,1,0,0,2,9,13,0,11,27,1,18,51,0,0,0,1,12,61,2
0,7,2,7,0,2,2,2,0,6,1,1,3,0,4,1,1,1,3,0,11,14,1,13,32,0,18,57,2,3,0,1,8,61,1
0,6,5,3,3,0,0,0,5,2,1,1,0,6,1,2,1,3,0,0,8,11,0,8,19,3,12,35,0,2,0,0,0,27,54
2,7,2,7,1,1,0,3,0,6,1,3,2,0,5,1,1,3,1,0,11,15,0,10,27,1,23,60,2,3,0,2,13,71,10
1,5,0,4,1,2,0,3,0,5,0,3,3,0,4,2,1,3,0,2,6,6,3,15,28,0,18,51,0,3,0,1,8,54,79
2,4,0,4,2,0,0,0,0,3,1,3,3,0,2,0,1,1,1,0,10,13,1,10,25,2,14,42,0,2,0,1,11,52,77
0,4,4,4,0,2,1,3,0,4,1,3,0,0,3,1,0,1,0,0,8,11,0,10,25,1,18,48,2,2,0,1,7,51,77
1,7,3,5,3,0,0,2,8,5,3,1,0,1,4,0,0,3,3,3,12,17,0,8,25,3,25,64,0,3,2,1,7,66,6
2,6,5,4,2,1,0,1,2,5,2,2,3,6,4,0,1,1,0,0,10,12,0,11,27,1,17,50,2,2,0,1,9,57,81
2,3,5,2,0,2,0,3,2,2,1,3,3,6,2,2,1,3,0,0,7,7,0,8,17,0,15,35,1,2,0,1,9,44,69
1,5,1,5,1,0,0,1,0,4,3,1,2,0,3,2,1,2,1,1,12,15,3,10,27,3,21,55,2,1,0,1,9,60,1
0,7,0,6,3,0,1,0,0,6,1,0,1,0,4,2,1,3,3,3,17,25,1,11,39,1,20,66,2,2,0,1,8,70,10
0,7,3,5,1,0,0,0,4,5,0,1,3,6,4,2,1,2,0,1,12,18,0,11,32,0,18,56,2,3,3,1,10,64,4
0,6,4,6,1,2,0,2,0,7,2,0,0,0,5,2,1,3,3,1,12,15,1,14,36,1,19,61,2,3,0,2,11,70,9
2,6,1,7,2,0,0,1,0,6,2,2,2,0,4,2,1,3,0,1,12,17,0,11,32,1,19,57,2,1,0,1,6,59,83
0,3,7,0,3,1,0,0,5,0,1,1,3,7,0,2,1,3,1,0,0,0,1,3,1,0,3,2,2,3,7,0,1,0,0
2,6,1,5,2,1,2,2,0,5,3,3,0,0,4,0,0,0,3,0,10,12,1,11,26,1,20,54,2,2,0,1,8,59,83
0,6,1,6,2,2,2,2,0,5,0,1,1,0,3,1,1,3,3,1,11,17,1,11,32,0,17,52,2,1,0,1,6,53,78
0,7,1,6,0,0,0,1,0,6,0,0,2,0,3,2,3,3,0,1,11,15,1,14,35,0,16,55,0,3,0,1,12,67,7
2,5,6,5,0,2,0,2,0,5,1,2,2,0,3,1,0,2,0,3,12,19,1,10,31,1,20,58,1,1,0,1,12,68,8
0,5,8,5,3,0,1,1,5,3,0,0,3,8,2,2,3,3,1,2,7,9,1,12,24,0,11,37,0,2,0,1,9,46,71
2,6,0,5,2,2,1,3,0,4,0,3,3,2,2,1,1,3,3,1,11,15,1,11,27,1,16,48,0,1,0,1,9,55,80
0,4,0,4,2,1,0,1,0,3,3,1,2,0,2,1,1,2,1,0,10,13,1,10,26,1,13,42,0,1,0,1,7,46,71
2,6,2,6,2,0,0,1,0,7,3,3,0,0,4,1,0,2,3,0,8,10,3,12,25,0,19,51,0,0,0,1,8,57,81
1,6,4,6,0,0,2,0,0,5,0,2,1,0,4,2,1,2,0,1,15,22,1,11,36,3,23,67,0,3,0,1,12,77,17
0,6,1,6,2,2,2,2,0,5,1,0,0,0,3,2,1,2,1,0,12,18,1,12,32,0,17,55,0,3,0,1,11,66,6
1,6,1,7,0,0,1,1,0,7,2,0,2,0,5,2,1,3,3,1,11,16,1,14,36,0,19,62,2,1,0,1,9,69,9
0,6,8,6,0,2,2,2,1,5,1,1,2,0,4,2,1,2,3,0,11,16,1,12,33,1,17,54,2,1,0,1,8,59,83
1,3,8,3,1,2,1,2,0,3,0,1,1,0,2,1,1,2,3,1,8,11,0,9,22,0,12,35,2,1,0,1,8,43,69
0,4,4,4,3,0,0,0,4,5,1,1,2,0,4,0,1,0,3,1,11,15,0,9,27,0,18,50,2,1,0,1,6,52,77
0,5,3,5,1,0,0,0,1,4,0,0,0,0,3,2,1,3,0,2,6,7,0,8,17,1,18,44,0,3,0,1,11,55,80
1,6,2,5,0,1,2,2,0,5,2,2,0,0,3,2,1,2,1,0,9,13,1,12,28,0,16,50,2,0,0,1,9,58,82
2,4,3,3,3,0,0,0,8,2,0,2,0,1,2,1,0,2,0,1,9,13,1,7,20,0,16,42,2,3,1,1,6,46,71
1,6,2,6,3,2,2,2,1,6,0,1,3,6,4,2,0,2,3,1,14,19,1,13,35,0,19,61,2,3,4,1,8,66,6
0,4,6,4,2,0,1,1,0,4,1,3,0,0,3,1,1,3,0,0,9,12,1,12,28,3,21,58,1,3,0,1,9,63,4
0,7,2,7,0,1,3,3,0,7,3,1,0,0,5,2,1,2,0,1,12,16,0,10,29,2,17,52,0,0,0,2,15,69,9
2,4,1,4,3,0,0,0,1,3,0,2,2,0,2,1,1,1,1,1,11,14,0,9,25,0,15,43,1,3,0,1,12,58,82
0,3,4,2,3,2,1,3,8,2,1,0,1,0,2,0,1,0,1,0,7,8,3,10,22,0,13,40,1,3,0,1,8,46,71
0,6,2,7,1,2,2,2,0,7,2,0,3,0,5,1,0,1,3,0,11,14,0,12,30,0,16,51,2,1,0,2,10,59,83
1,6,2,6,1,1,0,3,0,5,2,2,1,0,3,2,3,3,0,2,8,11,0,11,24,1,16,45,2,3,0,1,11,57,82
0,3,1,3,1,1,0,2,0,3,1,0,3,0,2,2,0,2,1,0,7,7,0,8,17,0,12,34,2,2,0,1,10,43,68
2,3,0,3,2,2,0,3,0,3,0,3,2,0,2,0,3,1,1,1,10,12,0,10,25,1,13,41,2,2,0,1,10,51,76
1,6,4,5,2,1,0,3,0,5,2,2,0,0,3,0,3,1,1,1,11,16,1,12,33,1,14,51,2,1,0,1,6,51,77
0,6,2,6,1,0,0,1,0,5,0,0,1,0,4,0,1,0,1,3,14,19,1,14,38,0,20,66,0,1,0,1,10,71,10
1,7,8,6,1,2,3,2,0,6,3,3,2,0,4,1,0,3,3,1,11,14,1,11,27,1,19,54,2,0,0,1,7,57,82
1,3,1,3,3,0,0,0,0,3,1,2,2,0,2,0,1,0,1,1,11,16,1,9,25,0,13,40,0,1,0,1,8,46,71
0,4,1,4,0,2,0,3,0,4,2,0,1,0,2,2,0,3,0,0,11,16,0,11,32,0,15,51,0,2,0,1,11,61,2
0,4,4,3,0,0,0,0,0,3,2,0,3,0,2,0,1,0,1,1,9,13,0,8,23,0,11,36,0,0,0,1,11,47,72
1,5,1,6,2,1,3,3,0,5,1,3,3,0,4,2,1,3,1,0,10,12,3,11,27,0,14,43,0,3,0,1,10,53,78
0,5,8,5,1,2,1,2,0,5,0,1,3,0,3,1,0,3,1,1,12,17,3,13,35,3,22,67,0,3,0,1,9,70,10
1,6,5,4,2,0,0,2,4,4,0,2,1,0,2,2,0,2,0,2,7,9,2,6,16,3,17,39,2,3,0,1,6,43,69
2,5,3,5,0,0,1,0,0,5,1,2,3,0,3,2,1,2,0,1,11,14,0,9,25,0,16,46,0,1,0,1,7,50,75
0,5,0,5,0,0,0,1,0,5,1,1,2,0,3,1,3,1,1,1,11,15,0,10,28,1,16,50,2,3,1,1,7,55,80
0,6,1,7,3,0,0,0,2,6,1,0,3,1,4,1,1,3,1,1,13,18,0,11,31,0,15,51,1,3,4,1,11,61,2
1,7,1,7,2,0,0,0,0,7,1,2,3,0,5,2,0,2,1,0,11,16,0,11,32,0,17,54,2,0,0,2,10,62,2
1,6,1,5,3,0,3,3,6,4,0,2,1,0,3,0,0,0,1,0,9,12,0,10,25,0,19,51,2,0,0,1,11,61,2
0,4,8,3,0,2,0,3,4,3,0,2,1,0,2,0,0,0,1,0,9,12,0,8,20,0,16,42,2,3,0,1,9,50,76
2,6,8,7,1,0,0,1,0,6,0,2,1,0,4,1,0,2,3,1,14,19,0,11,33,1,20,59,0,0,0,1,10,65,5
2,7,6,7,2,1,0,0,0,7,0,3,3,0,4,2,1,3,0,1,12,17,3,15,37,1,16,57,2,0,0,2,11,68,8
0,4,6,3,3,1,0,0,4,3,3,1,1,0,2,0,0,0,1,1,11,16,3,11,29,0,15,48,0,1,0,1,11,59,1
0,6,6,6,1,0,1,0,0,5,2,0,0,0,4,0,0,1,0,0,12,19,0,9,29,1,19,55,2,2,0,1,10,62,2
0,4,2,3,3,2,2,2,1,2,1,1,1,0,1,1,1,1,0,0,7,8,0,7,14,1,9,25,1,0,0,0,4,26,53
0,6,4,6,0,2,0,2,1,6,2,0,3,2,5,1,0,3,1,0,10,15,1,12,31,1,22,60,2,2,0,2,13,74,14
1,6,8,6,3,0,0,1,7,2,1,3,2,6,2,0,1,1,3,1,12,18,0,5,23,2,11,37,2,3,4,0,4,38,65
1,6,8,6,1,1,0,3,2,6,2,1,1,0,4,0,1,1,1,0,9,12,1,14,30,3,18,55,1,1,0,1,14,70,10
1,5,1,5,3,0,0,0,1,5,1,2,1,0,4,0,1,1,0,2,8,12,1,12,28,1,17,49,2,1,0,1,6,50,76
0,7,3,5,2,1,2,0,2,5,3,1,3,6,3,0,0,0,3,0,10,13,0,9,24,1,17,46,2,0,2,1,10,54,79
2,4,3,3,2,1,0,1,0,4,2,2,3,0,3,1,0,3,0,0,9,12,1,13,30,0,15,50,1,2,0,1,12,60,1
1,5,7,1,3,2,3,3,7,0,2,2,0,8,0,1,1,3,0,1,4,3,0,0,0,0,0,0,2,0,2,0,0,0,0
0,4,6,4,1,2,0,3,0,4,2,2,0,0,3,1,3,3,0,1,10,14,2,6,18,0,16,40,0,0,0,1,7,45,71
0,4,4,4,2,2,0,3,0,4,2,0,3,0,3,0,3,1,1,2,6,7,0,8,18,0,15,39,1,2,0,1,13,53,78
1,4,1,4,3,1,0,1,2,3,0,2,2,0,2,1,0,0,1,2,9,12,0,9,22,0,16,45,0,2,0,1,8,50,76
1,3,6,3,3,2,0,2,8,2,3,1,0,1,2,1,0,0,0,0,8,9,0,7,14,1,15,34,0,3,1,1,11,44,69
2,4,6,4,1,0,1,1,0,4,0,3,0,0,3,1,1,0,0,0,10,13,1,13,30,1,21,59,0,0,0,1,12,70,10
1,3,3,2,3,2,0,3,7,1,2,2,3,5,0,2,3,3,3,0,6,6,0,5,11,0,0,6,2,1,8,0,2,3,51
1,4,1,4,1,0,0,0,0,4,3,3,0,0,3,1,0,3,1,0,10,14,0,8,23,1,17,47,2,0,0,1,8,52,77
1,5,7,1,2,0,0,0,2,1,0,2,3,2,1,2,3,3,3,0,5,4,0,5,8,1,9,20,2,3,6,0,1,17,44
0,6,4,6,1,0,0,3,0,5,0,1,1,0,4,0,1,0,1,1,11,15,0,10,28,1,16,49,0,0,0,1,7,53,78
1,5,2,5,3,1,1,3,6,4,1,2,1,0,3,2,3,3,1,1,13,18,0,8,27,0,16,49,0,1,0,1,8,55,80
1,6,7,1,3,0,0,0,5,1,1,3,1,4,0,2,0,3,3,0,3,2,1,5,8,0,3,7,0,3,3,0,1,5,73
1,6,2,6,0,0,1,0,1,7,2,2,0,0,5,0,3,1,0,1,12,17,0,12,32,1,20,58,0,0,0,2,16,77,16
2,5,0,5,2,0,1,1,0,5,1,2,2,0,3,1,0,1,1,2,8,10,0,8,19,0,17,43,2,1,0,1,9,51,76
2,6,8,5,3,2,0,3,8,5,0,3,1,1,3,2,0,2,0,1,13,20,1,11,33,3,22,63,0,2,0,1,11,70,10
0,4,1,3,1,2,0,2,0,3,1,0,0,0,3,0,1,1,0,0,9,12,0,9,22,0,15,43,2,2,0,1,10,53,78
2,6,2,7,3,2,0,2,4,6,0,2,2,0,4,1,0,1,0,0,10,12,1,13,29,0,17,52,0,1,0,2,13,64,4
2,3,8,2,1,2,0,2,0,2,1,2,0,0,2,1,3,1,1,0,8,10,1,7,18,1,14,36,0,1,0,1,7,41,67
0,5,0,5,1,0,0,1,0,6,1,1,1,0,5,1,1,3,1,0,11,16,0,12,31,0,19,56,0,3,2,2,15,73,13
2,3,3,3,0,2,0,3,4,2,0,2,0,0,2,2,1,3,1,0,9,13,1,7,20,2,11,33,0,1,0,1,9,44,69
2,6,0,6,2,2,0,3,0,5,1,2,0,0,4,2,1,2,1,2,7,8,1,10,21,1,19,47,2,1,0,1,9,56,80
0,6,7,1,1,0,1,1,5,0,1,0,2,2,0,0,1,1,3,2,2,0,0,3,2,0,0,0,2,0,0,0,4,3,51
1,6,4,6,1,0,0,1,0,6,2,2,2,0,5,1,1,3,1,2,9,13,0,10,26,0,19,52,0,3,1,1,8,56,81
2,6,6,6,0,2,1,3,4,5,3,3,2,0,3,2,1,3,3,0,10,14,1,11,28,0,13,45,2,3,0,1,6,47,72
1,6,4,7,0,2,0,2,0,7,1,2,1,0,4,2,1,3,1,1,12,15,0,10,29,0,19,55,1,2,0,1,11,66,6
2,6,4,6,1,2,1,2,0,7,0,2,0,0,4,1,0,3,3,2,8,12,0,12,28,0,21,57,1,1,0,1,11,65,6
1,7,2,7,2,0,1,0,0,7,1,2,3,0,5,2,0,3,0,1,12,17,0,9,28,1,21,59,0,2,0,2,16,77,16
2,6,8,6,0,0,3,1,2,6,1,2,0,0,4,1,3,1,0,1,10,12,1,13,31,1,20,59,0,1,0,1,9,66,6
0,5,6,5,0,0,0,0,1,5,3,1,3,6,4,2,0,2,1,0,11,14,1,11,29,2,18,54,2,2,0,1,10,61,2
1,7,5,4,0,0,0,1,4,4,0,0,3,0,3,2,1,3,0,0,8,10,1,9,20,1,18,45,2,2,0,1,12,58,82
1,7,3,5,0,0,1,1,4,5,1,2,3,4,3,0,1,1,3,1,12,16,1,12,33,0,15,51,2,2,0,1,6,55,80
1,3,3,2,1,2,0,2,1,2,0,2,0,0,2,1,1,1,3,1,7,8,1,11,21,0,13,38,0,3,0,0,5,37,64
1,5,6,5,2,2,0,3,0,5,3,1,2,0,3,0,0,0,1,0,9,11,0,10,22,0,15,43,2,0,0,1,7,48,74
2,4,0,4,2,1,0,1,0,3,0,2,0,0,2,1,1,3,0,1,12,17,1,10,29,2,13,46,0,1,0,1,7,50,76
1,6,0,5,3,2,0,3,0,5,1,1,0,0,4,1,1,2,1,0,8,12,1,11,27,1,19,54,2,1,0,1,9,62,3
1,4,4,4,3,1,0,2,4,4,0,3,3,8,2,1,1,3,0,0,9,12,1,13,30,0,12,44,0,0,0,1,9,52,78
2,6,0,7,0,1,3,2,0,7,2,2,1,0,4,2,1,3,0,0,9,12,0,10,24,3,23,56,1,1,0,1,8,59,83
2,3,6,3,0,2,0,2,0,3,0,2,1,0,2,2,1,3,3,1,10,13,2,7,22,1,12,36,1,3,1,1,11,46,71
1,3,8,2,0,2,1,3,1,2,0,0,2,0,1,0,1,1,3,1,7,9,0,7,18,1,9,28,1,3,1,0,4,30,57
0,6,3,5,3,1,2,2,3,4,0,3,1,4,2,1,1,2,1,0,9,11,0,10,24,0,12,37,0,0,0,1,8,44,69
1,5,7,2,0,1,2,0,1,2,1,2,1,0,2,0,1,1,0,2,6,7,0,8,15,0,13,31,2,0,0,1,6,33,59
1,6,2,6,1,2,3,3,0,6,2,2,0,0,4,1,1,1,0,0,10,14,1,12,29,0,17,52,0,1,0,1,8,56,81
2,6,8,5,2,0,1,0,1,5,2,2,0,0,3,1,3,3,1,0,8,10,1,13,27,1,16,47,0,2,0,1,8,52,78
0,5,4,5,2,2,0,2,0,5,0,0,0,0,3,2,1,2,0,1,12,17,0,11,30,0,13,46,0,0,0,1,11,57,81
0,6,8,5,0,0,0,1,4,4,0,0,1,0,3,1,1,3,1,0,8,9,0,11,22,3,19,49,1,0,0,1,11,59,83
1,6,1,6,0,0,1,0,0,6,1,3,3,0,4,2,3,3,3,3,14,22,1,11,37,0,17,58,1,3,0,1,11,67,7
2,5,7,2,3,0,0,0,5,1,0,2,2,4,0,1,0,2,0,0,7,7,0,7,14,0,5,17,2,1,0,0,5,22,49
1,6,5,3,2,2,0,3,2,3,0,1,0,0,2,1,0,0,1,0,8,9,0,9,22,0,14,41,0,2,0,1,9,50,75
0,7,6,6,3,1,1,3,8,6,3,0,1,1,4,2,1,2,1,0,9,11,0,10,24,1,20,52,1,3,0,2,17,73,13
1,5,6,5,3,2,0,2,6,5,2,0,1,2,4,0,1,1,0,0,12,17,1,13,35,0,17,57,2,3,4,1,7,59,83
2,6,1,6,2,0,0,0,0,6,3,3,0,0,4,2,0,3,1,0,9,10,0,11,25,0,20,52,1,3,0,1,8,57,81
0,5,6,5,0,2,1,2,0,5,0,0,0,0,4,1,1,3,0,1,11,14,1,12,29,1,22,62,2,0,0,1,10,70,10
2,5,1,5,0,1,0,2,0,4,3,3,0,0,3,0,0,0,1,1,13,20,0,8,27,0,15,46,0,0,0,1,7,50,76
2,4,6,5,3,1,3,2,8,4,2,2,0,1,2,1,0,3,3,1,12,17,0,9,28,0,11,39,2,3,4,1,7,44,70
1,3,6,3,0,2,3,3,1,3,1,0,3,1,2,2,3,3,0,1,8,9,1,8,17,1,15,38,0,2,0,1,10,47,72
1,6,7,0,1,0,0,0,0,0,2,2,0,0,0,0,3,1,3,0,2,0,3,0,0,0,0,0,1,1,0,0,6,6,84
2,4,8,4,2,1,0,3,1,4,0,3,0,0,3,2,1,3,3,0,8,12,3,15,34,1,17,57,1,1,0,1,13,71,10
2,7,2,7,2,1,3,3,0,6,3,3,1,0,4,2,0,2,0,0,12,17,1,11,31,1,24,65,2,2,0,1,11,72,12
0,6,1,7,0,1,2,2,0,6,0,0,2,0,4,1,3,3,0,0,10,14,1,11,28,1,21,59,2,2,0,1,9,67,7
2,5,8,4,2,0,0,1,0,4,3,3,1,0,3,0,1,3,0,1,12,18,1,10,31,2,13,45,0,1,0,1,10,55,79
2,6,3,5,0,0,1,1,6,5,0,3,1,1,4,1,1,2,0,1,12,17,0,9,26,1,21,56,0,2,0,1,7,60,1
0,6,3,5,3,2,0,2,3,4,1,1,3,7,1,0,1,0,0,1,11,15,2,7,20,0,12,35,2,0,6,0,0,27,54
0,6,5,4,3,2,1,2,7,0,1,1,0,6,0,2,1,3,1,0,7,8,2,0,4,0,4,8,2,0,2,0,4,9,33
1,4,7,1,0,1,0,2,6,1,0,1,1,0,0,2,0,2,1,1,5,4,0,5,8,0,5,13,1,3,0,0,3,14,42
2,5,1,6,0,2,0,2,0,5,0,3,1,0,4,1,1,3,0,2,7,8,1,14,28,1,19,53,2,2,0,1,6,57,82
1,6,5,3,2,2,0,2,2,3,0,0,0,0,2,1,1,3,1,0,10,13,1,11,29,0,12,43,0,1,0,1,7,48,74
0,6,0,7,0,1,3,3,0,7,1,0,1,0,4,1,0,2,3,0,9,11,0,11,25,0,21,56,0,1,0,1,7,58,82
2,6,5,3,3,2,2,2,6,3,0,2,3,6,2,1,3,1,0,0,9,12,0,9,23,0,13,39,0,1,0,1,12,53,78
1,6,0,7,0,2,3,3,0,7,0,3,1,0,5,0,1,1,0,0,11,15,1,13,34,3,25,71,0,0,0,1,9,77,17
1,5,7,1,1,2,0,3,6,1,0,3,3,8,1,1,1,2,0,1,4,2,0,4,4,1,12,20,2,2,0,0,0,14,42
2,5,7,2,3,1,0,1,7,0,1,2,3,7,0,1,0,2,1,0,7,7,1,0,4,1,6,9,2,1,2,0,2,6,84
0,7,4,7,3,2,0,2,4,7,1,1,0,2,5,1,1,1,0,1,13,20,1,13,36,1,21,64,1,3,4,1,11,75,14
0,7,5,3,2,0,1,0,1,3,0,0,2,0,2,1,1,1,3,0,9,13,0,8,20,0,12,34,0,0,0,1,7,39,65
2,6,7,2,0,1,1,3,8,1,3,3,0,2,0,2,0,2,1,0,6,5,1,4,6,0,6,13,0,0,0,0,6,18,46
2,6,0,6,2,1,3,2,0,5,1,3,3,0,4,1,0,2,1,1,11,16,3,11,30,1,21,59,0,0,0,1,9,65,6
0,4,4,4,0,0,0,1,0,3,0,1,1,0,3,2,3,3,0,0,9,13,0,9,25,0,16,44,0,1,0,1,7,47,72
1,6,0,5,1,2,2,2,0,5,0,3,3,0,3,1,1,0,1,0,10,12,0,9,24,2,13,41,2,1,0,1,7,46,71
2,7,7,2,0,0,2,0,3,2,2,2,2,0,1,1,3,3,3,0,8,10,0,7,17,1,8,26,0,3,1,0,0,20,47
1,7,2,7,1,1,3,2,0,7,1,2,3,0,5,0,3,1,3,0,9,11,1,11,25,0,15,46,2,0,0,2,10,55,80
1,6,4,6,2,0,0,0,0,5,0,2,0,0,3,0,0,0,1,1,12,19,1,12,34,1,18,56,0,0,0,1,8,61,2
1,3,4,2,2,1,0,2,0,2,1,2,2,0,1,0,0,0,0,1,10,12,1,9,21,1,9,30,2,0,0,0,0,22,49
0,4,0,4,1,0,0,3,0,3,0,0,1,0,3,2,1,2,1,3,15,21,0,7,27,2,15,46,0,0,0,1,8,54,79
0,6,5,5,1,0,2,0,1,5,3,1,2,0,4,1,1,3,1,0,9,14,0,10,25,0,14,42,0,2,0,1,8,48,74
0,7,7,4,2,2,3,3,2,4,0,1,0,0,3,2,0,2,0,1,9,11,0,10,23,1,15,43,0,1,0,1,10,51,77
2,5,0,5,0,1,0,2,0,4,0,2,2,0,3,2,0,2,3,0,10,12,3,12,29,3,18,53,0,0,0,1,7,56,80
1,6,0,6,2,2,0,2,0,6,3,1,2,0,4,2,1,3,3,1,13,19,1,12,35,1,20,61,2,1,0,1,9,67,7
0,6,1,5,3,1,2,2,2,6,2,0,2,0,5,0,1,0,0,1,11,15,1,15,38,0,16,58,1,3,0,1,12,69,9
2,6,0,5,3,2,1,3,0,5,3,3,3,1,3,0,0,1,3,0,9,11,0,9,23,0,15,43,2,2,0,1,10,52,77
2,4,7,0,2,0,0,1,4,0,0,2,2,0,0,1,1,1,3,1,1,0,0,2,1,0,2,0,0,2,0,0,4,3,62
2,6,0,5,0,0,0,0,0,5,0,3,1,0,3,1,1,0,3,0,10,14,0,8,23,1,15,42,0,3,0,1,7,47,72
1,5,6,5,2,0,0,1,0,5,0,2,1,0,4,2,3,3,3,1,12,17,2,7,23,1,18,49,2,1,0,1,6,53,78
2,6,4,6,2,0,0,1,0,6,2,2,0,0,4,0,3,1,1,0,11,16,0,9,27,1,19,54,0,3,0,1,9,61,2
2,6,4,6,2,2,1,2,0,6,2,2,3,0,3,2,1,3,1,0,11,16,0,10,27,1,20,55,2,1,0,1,6,57,81
0,6,1,6,1,1,0,3,0,6,0,1,2,0,4,2,1,3,0,3,17,25,0,11,39,0,15,56,0,2,0,1,12,66,6
0,6,5,4,3,0,0,0,7,0,1,1,2,4,0,1,1,0,0,0,8,10,0,2,8,0,0,3,2,3,2,0,3,4,62
1,5,0,4,2,0,2,0,0,4,3,2,3,0,3,2,0,3,0,0,11,14,1,10,26,1,19,52,2,1,0,1,7,56,81
1,4,0,3,0,0,3,1,0,3,3,3,1,0,2,1,0,2,0,1,9,13,3,9,24,1,16,46,0,3,0,1,6,48,74
1,7,4,6,3,1,1,2,6,5,0,3,2,0,4,1,1,3,0,0,10,14,0,10,25,1,20,53,2,2,0,1,9,61,2
0,5,3,4,3,1,0,2,5,2,0,0,3,3,1,2,1,3,1,2,7,7,0,7,15,1,10,27,0,3,5,0,3,26,53
0,3,3,2,3,1,1,3,7,1,0,1,0,6,1,2,1,3,1,2,5,5,0,6,10,0,6,16,1,1,0,0,3,17,45
2,6,1,6,2,2,0,2,0,5,2,2,0,0,3,0,0,0,3,1,12,16,1,12,32,1,19,56,0,1,0,1,9,61,2
1,4,5,2,0,0,1,0,2,2,0,2,0,0,2,2,1,3,0,1,7,7,0,7,16,1,16,39,0,2,0,1,9,48,72
0,7,1,7,3,0,0,1,2,7,0,0,1,0,4,0,1,1,0,0,12,17,1,13,34,1,21,63,0,0,0,1,12,75,15
1,5,6,5,1,1,1,3,0,5,0,0,3,0,3,0,1,1,3,0,9,12,2,8,22,1,16,43,0,1,0,1,7,47,72
0,6,0,6,1,1,3,3,0,6,3,1,0,0,4,0,1,3,0,1,11,15,1,12,30,1,17,52,2,1,0,1,10,62,3
2,6,5,4,2,2,0,2,6,4,2,2,3,6,2,1,0,3,1,1,12,18,0,11,32,1,16,55,0,1,1,1,10,61,2
2,6,3,5,0,0,3,1,4,5,1,3,3,6,3,2,1,3,0,0,9,11,0,10,24,0,16,44,1,2,1,1,11,56,81
1,5,8,5,0,1,0,2,0,4,0,1,2,0,3,1,3,1,1,2,8,11,1,11,26,0,16,47,2,3,0,1,6,50,76
2,6,0,7,0,0,0,0,0,7,3,3,3,0,4,2,0,2,3,0,11,15,0,10,26,0,18,50,0,3,0,2,15,65,5
2,4,6,4,0,1,3,1,2,4,1,3,2,0,3,0,1,0,1,0,8,10,2,8,21,0,14,39,2,2,0,1,6,42,68
1,5,1,5,3,1,0,3,1,5,2,3,0,0,3,2,1,2,1,0,11,13,1,14,33,1,17,56,1,0,0,1,10,63,3
2,3,0,4,3,0,1,3,0,4,0,2,3,0,3,1,3,2,0,0,8,10,0,10,22,1,17,45,2,1,0,1,9,53,78
1,5,2,5,3,2,2,2,2,5,0,1,1,0,3,1,1,3,1,1,11,16,0,10,29,1,16,51,2,0,0,1,9,59,83
2,5,1,5,3,1,3,1,4,6,1,3,1,0,5,0,0,0,3,1,10,14,1,14,32,0,20,60,2,1,0,2,11,71,10
1,4,6,4,3,2,3,3,3,3,3,1,3,7,1,0,3,1,0,0,8,11,0,8,19,0,8,27,0,1,4,0,0,22,49
1,5,5,4,1,0,0,0,2,4,2,0,2,0,2,2,1,3,0,0,10,14,1,11,29,3,18,53,0,3,0,1,12,65,6
2,5,8,5,2,1,3,1,1,4,0,3,0,0,3,1,0,0,1,3,15,22,1,12,38,1,21,66,0,2,0,1,8,71,10
2,6,6,6,3,0,1,0,4,6,1,3,1,1,5,0,1,1,1,1,13,19,0,8,27,0,20,54,1,3,2,1,13,68,8
2,6,8,6,1,1,0,3,1,5,2,2,2,0,4,0,1,3,1,0,9,11,0,12,26,1,21,57,2,1,0,1,9,64,4
0,6,6,6,0,0,0,0,0,5,2,0,0,0,4,1,3,1,0,0,9,10,1,11,25,1,18,50,2,0,0,1,7,53,78
2,6,4,5,2,0,3,1,0,5,0,3,1,0,3,2,1,3,1,1,11,14,0,10,25,0,14,43,0,3,0,1,10,52,77
1,4,0,4,0,0,1,1,0,3,2,2,3,0,3,2,1,3,3,1,10,14,0,9,25,1,17,49,0,3,0,1,11,59,83
1,7,6,7,2,2,0,3,0,7,3,3,1,0,5,2,1,2,1,0,11,15,0,9,26,0,16,48,2,2,0,2,10,55,80
1,6,4,6,3,1,3,1,8,5,1,2,3,8,3,1,0,0,3,3,14,20,1,12,35,1,19,61,0,0,2,1,11,72,12
0,5,6,5,2,2,1,3,0,5,1,0,0,0,4,2,1,2,3,0,9,11,0,8,20,1,21,52,0,3,0,1,7,55,80
2,4,5,2,1,0,1,1,4,2,2,2,2,0,1,0,1,0,1,0,8,9,1,9,19,3,8,29,2,2,0,0,4,29,56
2,4,0,4,2,0,2,0,0,4,2,2,0,0,3,0,0,1,0,0,9,12,1,14,32,0,16,51,2,0,0,1,9,58,82
2,7,2,6,0,2,0,3,0,6,0,2,2,0,4,2,1,3,1,0,8,10,0,9,21,2,13,38,0,3,0,1,10,49,74
0,6,3,5,0,2,2,2,1,5,0,1,3,6,3,1,1,3,3,0,11,15,1,13,32,1,15,50,2,2,0,1,5,50,76
1,4,7,2,3,0,2,0,5,1,1,2,1,1,0,1,1,1,3,0,6,6,0,5,9,1,6,14,2,1,0,0,3,14,42
1,5,2,5,1,0,0,0,0,4,0,2,2,0,3,0,1,0,0,0,8,11,1,14,31,0,18,55,0,2,0,1,10,63,4
2,4,1,4,2,0,3,1,0,4,0,2,2,0,3,1,1,3,0,1,10,13,0,10,25,1,16,47,0,2,0,1,8,52,77
2,6,4,5,3,0,0,1,8,4,0,2,1,0,3,0,1,0,3,0,9,12,1,11,25,1,14,44,0,3,0,1,10,55,80
1,6,0,6,2,1,2,2,0,6,2,3,3,1,4,0,1,1,1,0,11,17,1,14,36,3,18,60,0,1,0,1,9,68,8
1,6,3,6,0,0,2,0,1,6,3,3,1,0,3,2,1,2,3,3,17,24,1,13,40,1,18,62,2,1,0,1,8,68,8
1,5,4,5,1,2,1,3,0,4,2,2,0,0,3,2,3,3,0,1,12,18,1,14,38,2,14,53,2,0,0,1,10,61,2
0,7,6,7,2,0,1,2,0,7,3,1,0,0,5,1,0,2,1,0,9,12,3,12,28,1,22,61,2,1,0,2,11,73,13
2,6,3,5,1,2,0,2,1,5,1,2,1,0,4,2,0,2,1,2,8,9,1,11,24,1,19,52,2,1,0,1,6,53,78
2,6,7,3,2,1,0,2,0,3,3,3,2,0,2,2,1,3,1,0,10,15,1,11,27,0,14,45,1,3,0,0,0,36,61
1,5,1,5,0,2,0,2,0,5,0,3,1,0,3,0,3,1,1,2,8,10,1,12,28,0,17,51,2,0,0,1,9,60,1
0,4,7,1,1,0,0,0,1,1,1,0,0,0,0,2,1,3,0,1,7,10,0,6,16,1,0,10,0,1,0,0,0,3,62
2,7,3,5,2,2,0,3,1,5,1,3,3,4,3,0,3,1,0,0,9,13,0,9,25,0,14,42,0,3,8,1,10,51,76
1,3,6,3,3,2,0,2,6,3,0,0,0,0,2,2,3,3,1,0,8,11,1,11,26,0,15,45,2,0,0,1,5,46,71
1,6,7,2,2,2,0,3,2,2,0,0,0,0,2,1,0,3,1,0,7,10,1,9,20,1,17,43,2,1,0,1,7,49,75
2,6,0,6,0,2,0,3,0,6,0,2,0,0,4,2,1,2,1,0,10,14,2,8,23,2,15,43,0,2,0,1,11,51,76
2,6,8,6,3,0,0,0,4,7,1,2,1,0,5,2,0,3,1,1,12,16,0,11,31,1,22,63,2,0,0,2,12,75,14
0,6,5,3,3,0,2,0,3,2,2,0,0,4,1,0,1,1,0,1,12,18,3,10,30,1,8,37,1,3,8,0,0,29,56
1,5,2,5,0,1,2,3,0,6,0,3,0,0,4,1,1,3,1,2,8,12,3,14,31,0,15,49,0,3,0,1,7,52,78
2,4,1,4,2,0,0,0,0,3,1,2,0,0,2,2,1,3,3,1,10,13,1,11,26,0,13,41,0,0,0,1,5,42,67
1,5,7,2,2,0,2,0,0,2,2,2,2,0,1,1,1,3,1,1,9,12,1,8,19,0,8,28,2,0,0,0,0,22,49
2,5,5,4,2,0,0,0,0,4,3,3,2,0,3,0,1,1,1,0,8,11,1,9,23,2,12,36,2,0,0,1,10,47,72
2,4,2,5,3,2,0,2,2,4,0,2,3,1,3,0,0,0,1,0,11,16,1,11,30,1,22,60,0,0,0,1,11,70,10
2,4,2,3,2,2,0,3,0,3,0,3,2,0,2,2,1,3,1,0,7,8,1,10,22,0,11,35,0,0,0,1,9,43,69
1,6,6,5,3,0,2,0,6,5,0,0,3,2,4,1,0,3,3,3,14,20,1,12,35,0,19,63,0,2,0,1,9,68,8
1,7,5,5,1,2,1,2,1,5,0,0,0,0,4,1,1,2,0,2,7,9,0,12,26,2,16,47,2,2,0,1,12,61,1
1,6,2,7,1,0,1,1,0,6,1,1,2,0,4,2,1,2,1,3,13,18,0,11,30,1,17,52,0,3,0,1,7,55,79
2,3,6,3,2,2,1,2,1,2,1,3,1,0,1,1,1,0,0,2,7,8,0,8,18,0,9,27,2,2,0,0,0,21,47
1,6,5,4,1,0,0,0,6,5,0,0,0,0,4,2,1,2,3,1,9,14,0,12,30,1,20,58,0,0,0,1,9,66,6
2,4,0,4,0,0,0,0,0,3,2,2,1,0,2,2,1,3,3,0,11,14,1,12,31,3,19,56,0,1,0,1,8,61,2
1,6,0,5,0,2,1,2,0,5,0,2,0,0,3,0,1,1,0,0,8,12,0,10,25,2,15,43,0,0,0,1,8,50,75
0,5,0,5,2,1,3,3,0,5,2,0,3,0,4,1,0,0,0,0,9,11,1,15,30,1,18,53,2,0,0,1,6,55,80
1,5,5,3,3,2,2,2,3,3,3,3,0,2,2,0,0,3,0,3,12,18,0,8,26,0,13,42,0,1,0,1,9,51,77
0,6,3,5,1,0,3,1,4,6,3,1,0,0,5,0,1,1,0,1,10,12,0,10,24,1,19,51,0,3,0,2,15,67,7
1,4,6,4,2,2,0,3,0,4,2,0,1,0,3,1,0,1,1,0,10,13,0,9,23,1,18,46,1,0,0,1,9,53,78
2,7,2,7,0,2,0,3,0,6,2,2,0,0,4,0,1,0,3,0,9,12,0,12,29,0,16,49,1,2,0,1,12,60,1
2,6,3,5,0,2,0,2,2,5,1,2,3,6,3,2,1,3,3,0,11,13,0,11,27,0,14,45,0,0,1,1,9,52,77
2,5,7,0,1,0,3,1,6,0,1,2,2,0,0,1,3,3,1,2,2,0,0,2,0,0,4,4,0,1,0,0,6,9,33
2,4,7,2,2,2,0,3,2,2,3,3,3,4,2,2,0,2,0,0,8,11,1,8,21,3,18,47,1,0,0,1,11,58,82
1,7,5,5,2,2,1,2,1,4,2,2,2,0,3,2,1,2,0,2,7,8,1,10,20,1,18,46,0,0,0,1,7,50,76
1,7,1,6,2,0,0,1,0,7,2,2,2,0,6,1,1,2,1,2,8,9,1,13,27,0,17,48,0,2,0,2,15,65,5
0,6,6,6,0,2,0,3,1,6,2,2,2,0,4,1,1,3,1,0,11,16,0,11,30,1,17,52,2,3,1,1,6,55,80
1,4,6,4,0,2,3,3,1,4,0,0,2,0,3,0,1,1,1,0,8,11,1,11,24,1,15,43,0,0,0,1,6,45,70
1,6,6,5,2,0,0,0,0,5,0,1,2,0,4,0,0,0,0,0,9,11,1,11,26,1,22,56,0,3,0,1,6,58,82
0,6,4,7,2,2,2,3,0,7,0,0,3,0,5,2,3,3,1,2,11,14,1,14,34,0,19,61,2,0,0,1,6,62,2
2,6,5,4,3,1,0,2,8,4,0,2,1,2,3,0,1,0,1,0,11,14,0,9,22,2,13,39,2,0,0,1,5,41,67
0,6,4,7,2,0,0,1,0,6,0,0,0,0,4,0,1,3,3,1,13,19,0,9,29,1,21,57,0,2,0,1,8,60,1
0,6,4,6,3,0,2,2,6,6,1,3,0,1,4,1,1,3,3,1,14,19,1,12,34,0,17,56,2,3,6,1,8,60,1
1,5,1,5,0,0,2,1,0,5,0,0,0,0,3,2,1,2,0,1,12,18,1,11,30,0,17,51,2,2,0,1,7,55,79
1,6,6,5,2,1,0,3,0,5,0,1,3,0,3,0,1,1,1,1,12,16,1,12,32,1,18,56,0,1,0,1,9,63,4
1,4,2,5,0,2,1,2,0,4,3,1,2,0,3,0,1,1,1,0,9,12,0,8,22,0,16,44,2,0,0,1,7,47,72
2,4,5,2,3,0,0,0,3,2,1,3,1,6,1,2,1,3,3,0,6,6,1,9,18,1,7,23,0,3,5,0,3,22,49
0,4,2,4,1,0,3,1,0,4,3,0,3,0,3,2,0,3,3,1,11,14,0,9,24,1,15,43,0,0,0,1,9,51,77
0,6,6,5,1,2,2,3,0,5,1,1,1,0,4,1,1,3,0,0,12,18,1,11,30,3,19,56,1,1,0,1,10,61,2
0,5,7,0,1,2,2,2,6,0,1,1,1,0,0,2,0,3,1,0,0,0,1,0,0,1,0,0,0,2,0,0,6,6,84
1,5,0,6,3,1,0,2,0,7,0,1,1,0,4,2,1,2,1,0,10,13,1,12,29,0,18,53,0,3,0,1,7,55,80
2,6,6,5,2,0,2,0,0,5,1,2,2,0,4,0,3,1,0,2,8,10,0,9,21,0,16,44,0,2,0,1,9,53,78
1,5,3,4,1,2,1,3,2,4,0,1,3,8,3,1,1,3,1,1,10,14,1,11,26,0,19,53,2,2,0,1,8,55,80
0,6,1,6,0,0,3,1,0,7,2,2,2,0,5,1,1,3,3,0,10,14,0,11,27,3,20,54,0,2,0,2,12,65,6
1,6,6,5,1,2,3,3,0,5,1,2,2,0,3,2,1,2,1,1,11,15,1,13,32,3,18,57,0,2,0,1,8,62,3
2,7,1,6,2,0,0,1,0,7,0,2,2,0,5,0,0,0,3,1,14,21,0,12,37,1,22,67,2,2,0,2,14,81,19
1,6,6,5,3,0,0,0,4,4,2,3,2,0,3,0,0,0,0,3,15,20,0,8,29,0,16,49,0,3,0,1,7,52,77
0,4,2,4,2,1,1,0,0,4,2,0,0,0,3,1,0,3,3,0,8,11,1,12,28,1,20,58,0,2,0,1,6,58,83
0,6,2,6,2,1,0,2,0,6,0,0,2,0,5,2,3,3,1,0,10,12,1,11,26,0,18,49,2,3,2,2,10,58,82
2,6,4,6,0,0,0,2,0,6,3,3,2,0,4,1,3,3,3,0,8,10,1,12,27,1,18,52,0,2,0,1,10,60,1
0,4,1,4,3,0,1,1,4,3,3,3,3,3,2,0,3,1,3,2,8,10,1,8,18,1,13,34,2,3,7,0,1,29,56
2,6,1,6,3,1,0,3,2,6,1,2,1,0,4,1,1,2,0,2,8,9,2,7,18,1,20,47,1,1,0,1,8,54,79
0,4,6,4,2,0,0,1,0,4,2,0,3,0,3,2,3,3,1,3,12,18,0,11,31,3,16,51,2,2,0,1,8,55,80
2,4,8,4,3,0,0,1,7,2,0,2,3,5,1,2,1,3,0,1,11,14,3,9,25,0,11,38,0,3,7,0,0,31,57
2,4,6,3,0,1,2,2,1,3,0,3,3,4,2,0,3,1,3,2,6,7,0,9,18,1,15,39,1,1,0,1,10,49,74
1,4,6,4,1,0,0,0,0,4,0,1,3,0,2,0,1,1,3,3,15,21,1,11,34,0,14,52,2,3,1,0,4,51,76
0,6,3,5,1,2,3,3,2,5,2,0,0,0,4,2,0,3,0,0,9,13,1,11,28,0,15,45,2,0,0,2,11,57,81
2,6,6,6,3,1,1,3,5,4,0,3,2,2,3,2,1,3,3,0,9,12,3,14,34,1,17,58,0,2,0,1,9,66,6
1,6,0,6,3,0,0,3,0,7,0,3,1,0,5,0,0,0,1,1,12,16,0,10,28,0,17,49,2,0,0,2,11,60,1
2,6,1,6,2,2,1,2,0,7,0,3,1,0,5,0,1,0,0,2,7,9,0,9,20,0,20,48,1,2,0,2,17,68,8
2,5,2,5,1,1,2,1,0,4,0,3,3,0,3,0,1,0,3,2,8,12,1,12,27,2,13,44,0,0,0,1,7,48,74
1,6,5,3,1,0,0,0,4,2,1,3,2,1,2,2,1,3,0,0,9,13,1,10,27,1,17,49,2,1,0,1,6,49,75
0,7,8,7,3,0,0,3,7,3,0,1,2,1,2,2,0,2,0,2,6,6,0,7,13,0,13,32,2,2,0,1,10,44,70
0,6,2,6,0,2,0,2,0,6,2,0,0,0,4,1,1,2,0,0,10,14,0,9,25,1,17,48,2,1,0,1,12,61,2
0,5,0,6,3,0,3,1,0,6,2,2,0,0,4,1,1,3,0,0,9,11,1,12,26,1,17,50,0,2,0,2,14,65,5
1,5,2,5,2,1,2,2,0,4,0,1,3,0,3,2,1,3,0,2,7,9,0,11,23,1,19,48,0,2,0,1,13,62,3
0,6,1,5,1,2,3,3,0,5,0,3,2,0,4,0,1,0,1,1,12,19,3,12,35,0,17,57,2,3,0,1,10,64,4
0,5,0,5,0,0,0,0,0,5,0,0,0,0,3,2,0,2,3,0,9,11,0,10,23,1,20,52,0,1,0,1,9,58,82
2,3,5,2,1,1,2,0,0,2,2,2,3,0,1,1,0,1,3,3,9,13,1,8,22,0,6,27,0,0,0,0,0,21,48
0,6,8,5,1,0,0,1,0,5,0,3,3,0,4,2,1,2,3,2,9,13,0,8,21,0,19,47,2,3,0,1,9,54,79
2,6,5,4,0,0,2,0,0,4,1,3,1,0,3,2,1,3,0,1,11,17,0,10,30,0,14,49,2,3,2,1,6,53,78
2,4,3,3,3,0,0,0,8,2,1,2,0,0,1,2,3,3,3,0,10,14,1,9,24,0,6,29,0,3,0,0,0,22,49
2,5,1,6,1,0,0,0,0,6,3,3,1,0,5,2,3,3,0,0,9,11,1,12,27,1,19,55,0,2,0,1,9,61,2
1,4,3,4,1,2,2,2,6,4,1,3,2,0,3,0,1,0,3,1,11,15,0,9,26,1,19,52,0,2,0,1,7,57,82
0,6,3,5,1,1,0,2,0,4,1,2,1,0,3,2,1,3,1,1,11,17,0,10,29,1,17,52,2,3,0,1,7,54,79
1,6,1,7,1,2,0,3,0,6,2,2,0,0,5,2,3,3,0,1,13,19,0,12,36,3,22,66,0,1,0,1,11,76,16
2,5,3,4,0,0,2,0,2,3,0,3,1,0,2,1,1,2,1,0,10,14,0,9,25,0,11,38,0,2,0,0,0,30,56
2,6,0,5,1,2,1,2,0,5,1,3,1,0,4,1,1,1,0,1,10,15,1,12,32,1,16,53,0,2,0,1,9,58,82
1,4,1,4,3,0,0,0,1,3,1,1,0,0,3,0,1,0,1,3,13,20,1,11,34,0,18,58,2,2,0,1,9,65,6
2,5,1,4,0,1,0,1,0,3,1,2,2,0,2,2,0,3,1,3,13,17,1,9,26,0,13,40,0,3,0,1,7,45,70
1,5,4,5,1,0,3,1,0,4,3,3,2,0,2,1,1,1,1,1,12,17,0,7,25,1,17,48,2,2,0,1,9,54,79
2,4,0,4,2,0,3,1,0,4,0,3,2,0,3,1,1,2,3,0,8,12,0,11,27,0,18,52,0,1,0,1,6,56,81
0,5,8,4,3,2,1,2,3,3,2,0,3,6,2,1,1,1,1,3,12,17,0,9,27,3,15,47,0,1,0,1,8,53,78
2,6,1,6,2,2,2,2,0,5,1,3,1,0,4,0,0,1,0,0,11,16,0,9,27,0,19,54,0,0,0,1,12,64,4
1,7,5,4,1,2,0,3,4,5,0,1,1,0,4,2,0,2,0,0,9,13,0,10,25,1,18,49,2,1,0,2,14,63,3
1,7,8,6,1,0,3,1,1,6,0,2,0,0,4,2,1,2,1,1,12,18,0,10,31,1,18,56,0,3,0,1,10,65,5
1,6,4,6,2,0,1,0,0,5,2,2,0,0,3,1,0,2,1,1,11,15,0,11,29,2,14,46,2,3,0,1,7,50,76
0,7,6,7,0,0,0,0,0,7,1,0,3,0,5,1,0,1,1,0,11,16,1,10,28,0,20,53,2,3,0,2,11,62,3
2,5,3,5,0,0,0,2,4,5,3,3,1,0,3,1,3,1,0,1,13,21,1,10,31,0,14,47,2,3,0,1,9,54,79
0,5,1,5,1,2,2,2,0,5,3,3,3,0,3,2,0,2,1,1,13,20,1,9,30,3,18,55,2,2,0,1,10,62,3
2,3,0,4,3,0,0,1,0,4,3,3,1,0,3,2,0,2,0,1,12,15,1,11,28,1,19,54,2,3,0,1,6,56,80
1,5,2,6,3,1,0,2,6,6,0,3,3,3,3,2,0,2,0,0,10,14,1,11,28,2,15,49,0,0,2,1,12,62,3
0,4,3,3,1,1,1,3,2,3,1,1,1,0,2,0,3,1,1,0,7,10,0,9,21,0,16,42,2,1,0,1,11,53,78
0,4,2,4,0,2,0,2,0,3,0,3,0,0,2,0,0,1,0,3,11,14,1,10,26,0,12,40,2,2,0,1,8,47,72
1,6,3,5,3,0,2,0,6,4,0,0,0,0,3,2,1,3,3,1,14,20,1,12,35,0,18,59,2,2,0,1,8,62,3
1,5,4,4,1,0,0,1,0,4,1,3,2,0,3,0,1,1,1,1,13,19,3,12,34,0,14,52,2,3,0,1,10,60,1
1,7,2,6,0,0,2,0,0,5,1,2,1,0,3,1,3,1,1,2,8,12,1,11,26,1,14,43,2,3,0,1,8,49,75
2,4,1,4,0,2,2,2,0,4,0,2,3,0,2,2,3,3,0,0,10,13,0,11,27,0,10,36,0,1,0,1,9,43,68
1,6,2,6,0,0,1,1,0,6,0,2,3,0,4,0,1,2,1,0,9,13,0,11,28,3,23,62,2,1,0,1,8,67,7
2,3,6,4,2,0,0,1,0,4,1,3,2,0,3,0,1,2,0,0,9,12,1,11,26,1,15,43,0,1,0,1,11,54,79
1,4,2,4,2,2,0,3,0,4,1,2,1,0,3,2,0,2,1,0,8,11,0,8,21,0,17,45,2,2,0,1,8,51,77
1,6,4,6,2,1,3,3,0,6,1,0,0,0,3,0,1,0,1,1,11,15,0,11,30,0,17,51,0,3,0,1,9,59,83
0,4,4,4,3,2,1,2,8,4,1,1,2,0,2,2,3,3,1,0,8,11,0,8,20,0,13,36,0,3,0,0,0,29,56
0,7,1,7,3,2,0,2,1,6,0,2,2,0,4,2,1,3,3,1,13,18,0,10,32,0,20,60,0,3,0,2,14,74,14
1,5,2,5,2,0,0,0,0,5,3,3,3,0,3,1,1,2,0,1,11,16,1,13,35,1,16,57,2,3,0,1,8,63,3
0,4,6,4,0,1,0,3,4,3,0,0,2,0,2,1,1,3,0,1,12,17,1,9,26,0,12,40,2,3,0,1,9,50,76
1,6,6,6,0,0,1,1,2,6,0,3,2,0,4,1,3,3,1,1,11,17,0,9,27,0,19,52,0,1,0,1,10,60,1
1,6,3,4,2,0,1,0,0,4,2,2,2,0,3,2,1,3,0,0,9,11,1,14,30,3,19,56,2,0,0,1,7,59,83
1,6,0,7,2,0,0,0,0,6,0,0,0,0,4,0,1,0,1,1,14,21,1,12,37,0,18,60,2,3,0,1,8,65,5
1,6,8,5,1,2,0,3,1,5,1,2,3,4,4,1,3,1,1,1,13,19,0,11,34,1,19,59,0,1,0,1,9,66,6
0,5,5,4,1,2,1,3,4,3,0,0,0,0,2,0,1,0,3,3,14,21,1,10,32,0,12,47,2,0,0,1,6,47,72
0,4,2,4,1,0,1,0,0,3,0,1,3,0,2,0,0,1,1,1,9,10,1,11,25,0,12,41,2,2,0,1,8,49,74
0,6,7,1,1,0,2,0,2,1,3,1,1,0,1,2,1,3,1,1,6,7,1,4,11,0,8,19,2,1,0,0,1,16,43
1,6,0,5,2,0,0,0,0,4,3,2,0,0,2,0,1,1,1,0,8,9,1,11,24,0,15,42,0,2,0,1,6,46,71
1,5,4,4,3,2,0,2,6,3,1,0,1,0,2,1,0,2,0,0,11,17,1,9,29,1,15,47,0,2,0,1,6,46,71
1,4,7,1,3,1,0,0,5,1,3,3,3,7,0,1,3,1,1,0,4,2,1,5,7,0,2,5,0,2,4,0,6,10,38
0,7,1,7,3,2,0,3,8,6,0,1,3,5,3,2,1,3,3,3,14,21,0,10,33,0,15,52,1,2,6,1,11,63,3
1,6,3,5,2,2,2,2,0,4,1,3,3,0,2,2,1,3,0,0,11,16,1,10,28,0,11,40,2,2,0,1,9,48,74
0,6,0,6,0,0,1,3,0,6,0,1,2,0,4,2,3,3,3,0,10,14,0,9,23,1,20,51,0,0,0,1,9,60,1
1,6,5,4,3,0,1,0,7,1,0,0,1,2,1,2,1,3,1,3,11,15,1,7,21,0,8,28,0,0,0,0,0,22,49
0,5,5,3,3,0,3,2,5,3,0,0,2,1,2,0,1,1,1,2,6,7,1,11,24,0,11,38,2,2,0,1,6,42,67
1,6,8,5,1,0,0,0,1,5,0,3,1,0,4,0,1,1,0,3,15,22,1,13,39,1,19,62,1,3,0,1,12,72,12
1,6,4,6,1,1,0,3,2,6,1,3,0,0,4,0,1,1,1,0,9,12,1,13,30,1,16,51,0,2,0,1,6,52,77
1,6,2,6,1,0,3,1,0,5,0,3,0,0,3,2,1,3,1,0,11,14,1,11,27,1,15,46,2,2,0,1,8,50,75
1,7,0,7,0,0,0,0,0,7,1,0,0,0,5,2,0,2,0,0,11,16,0,9,28,1,21,58,2,3,0,2,12,68,8
1,6,2,6,2,0,0,2,0,6,0,2,2,0,4,0,1,1,1,0,11,14,1,15,35,0,16,55,1,0,0,1,10,61,1
2,6,5,4,0,2,0,2,2,4,1,3,2,0,3,2,1,2,1,0,8,11,1,12,26,1,19,52,0,0,0,1,11,62,2
0,6,6,5,1,1,0,2,0,5,0,1,0,0,3,0,3,3,1,1,12,16,0,12,34,2,13,50,0,0,0,1,8,57,81
2,6,0,7,0,2,1,3,0,7,0,2,3,0,4,2,3,3,0,1,14,21,1,13,37,3,18,62,0,0,0,1,11,70,10
0,5,1,5,1,0,1,0,0,5,3,1,0,0,3,1,1,3,1,0,10,14,1,10,27,0,15,46,0,0,0,1,9,54,79
1,4,4,4,0,0,0,1,0,3,3,3,2,0,2,1,1,0,0,0,9,12,1,10,26,3,16,48,2,2,0,1,7,52,77
1,3,4,2,2,0,0,0,0,2,0,2,2,0,1,1,1,1,3,0,6,7,0,6,14,1,12,29,1,0,0,0,4,29,56
2,4,6,4,3,0,0,0,2,4,3,3,3,6,2,0,0,1,1,1,13,20,1,10,33,1,16,52,2,3,4,0,4,50,75
1,3,2,4,2,0,2,0,0,4,1,0,1,0,3,2,1,3,1,1,12,16,0,7,22,1,15,41,2,0,0,1,5,42,67
2,6,1,6,2,0,0,1,0,6,1,2,0,0,4,1,1,3,3,0,9,11,0,10,24,0,19,53,0,3,1,1,9,60,1
1,7,8,7,1,1,1,3,1,7,0,3,3,4,5,0,1,1,3,0,9,12,0,10,26,3,23,57,0,3,2,2,13,71,10
2,6,1,6,3,0,0,1,2,5,1,2,2,0,3,0,1,0,0,1,12,16,0,10,29,0,15,50,0,2,0,1,11,60,1
1,5,1,5,1,0,0,3,0,5,0,3,2,0,3,2,1,2,0,2,8,11,1,13,30,0,17,52,0,0,0,1,9,60,1
1,6,7,1,0,1,0,0,8,0,1,1,2,1,0,0,1,1,1,2,4,3,1,2,3,1,5,8,0,3,2,0,0,3,62
0,7,8,6,2,0,3,1,4,6,2,0,2,0,4,2,0,2,0,1,12,16,0,12,31,1,22,62,0,0,0,1,10,69,8
1,5,0,5,3,1,0,3,1,5,1,0,2,0,4,2,0,3,1,0,9,11,1,10,23,1,21,51,0,1,0,1,8,57,81
2,6,6,6,1,2,1,2,0,5,0,2,3,0,4,0,1,1,1,0,10,14,0,10,27,1,22,58,0,3,1,1,13,72,12
1,6,4,5,2,0,0,1,0,5,1,2,2,0,4,1,1,2,1,0,12,16,1,12,31,1,16,52,2,2,0,1,8,58,83
1,5,1,6,0,1,3,3,0,6,2,2,2,0,4,0,1,1,1,2,7,9,1,15,32,0,15,52,0,2,0,1,9,59,83
0,4,8,3,2,1,1,3,1,3,2,0,1,0,2,2,0,2,3,0,10,14,1,10,28,1,16,49,0,0,0,0,0,42,68
2,6,6,5,0,2,3,2,2,5,0,3,0,0,4,0,3,1,1,2,8,9,0,9,21,1,16,43,0,0,0,1,8,49,75
1,3,4,3,1,1,3,3,2,3,3,1,2,0,2,1,0,1,1,1,9,11,0,8,20,3,20,49,2,2,0,1,10,59,1
1,7,0,6,3,2,1,3,0,5,0,3,3,0,4,2,1,3,0,1,10,13,1,13,29,1,18,53,2,2,0,1,6,53,78
2,5,1,5,3,0,3,1,2,5,0,2,2,0,4,2,1,2,1,1,13,20,1,14,37,0,19,63,2,2,0,1,6,64,4
2,4,3,3,2,0,3,1,6,2,2,2,0,0,1,0,0,0,1,0,7,9,0,8,19,0,7,27,2,1,0,0,3,25,52
2,7,8,7,1,1,0,2,0,6,0,3,0,0,4,0,3,1,1,0,10,13,1,14,32,1,17,54,2,2,0,1,7,55,80
2,3,3,3,2,2,1,2,0,3,1,3,2,0,2,1,0,1,0,2,5,6,1,9,18,1,18,43,2,3,0,1,8,49,75
2,4,5,3,0,2,2,2,2,3,0,2,1,0,2,2,3,3,1,0,8,10,0,8,20,0,12,34,0,0,0,1,11,46,71
2,4,5,3,3,2,0,2,8,3,0,3,0,1,2,1,1,1,1,2,7,7,1,9,17,1,12,33,0,1,0,1,9,42,67
1,6,3,5,3,0,3,1,7,0,1,3,0,7,0,1,1,0,0,0,9,13,1,2,11,1,0,6,2,0,4,0,3,6,84
0,6,0,5,0,2,0,3,0,5,0,0,1,0,3,2,3,3,0,0,10,12,1,13,31,2,13,47,0,1,0,1,8,53,78
2,4,2,3,0,2,0,3,0,3,2,2,0,0,2,2,1,3,0,0,9,12,1,12,27,1,14,44,0,2,0,1,11,55,80
1,6,8,5,2,0,0,0,0,5,1,3,3,0,3,0,0,0,3,0,11,16,1,10,28,2,13,45,0,1,0,1,10,55,79
1,6,6,6,2,2,2,2,0,6,3,3,3,0,4,1,3,1,3,1,13,18,1,12,34,1,17,55,2,1,0,1,6,58,83
0,6,5,3,2,2,0,2,1,3,0,0,2,0,2,1,1,1,0,0,8,8,1,11,22,1,15,42,0,2,0,1,11,54,79
2,3,1,3,1,1,3,1,0,3,3,3,2,0,2,2,1,3,1,0,9,12,1,9,23,1,17,45,0,2,0,1,11,55,79
1,5,8,4,2,0,1,3,2,4,0,3,1,0,3,1,1,1,1,0,10,14,1,10,28,1,21,59,0,2,0,1,7,62,3
2,6,6,6,1,1,1,2,0,6,3,3,2,0,4,2,0,3,0,0,12,17,1,10,28,1,21,57,1,1,0,1,9,64,4
2,6,7,3,2,1,1,3,8,3,0,2,0,0,2,2,1,3,0,0,7,8,0,9,18,1,14,36,0,3,0,1,8,44,69
0,6,6,6,0,1,0,1,2,6,1,0,2,0,4,0,0,1,0,0,10,15,1,11,28,3,23,62,2,3,0,1,8,66,6
0,6,0,6,1,1,1,3,0,6,2,0,2,0,4,2,1,3,1,0,10,14,0,12,28,1,17,48,1,2,0,1,10,56,81
0,4,8,3,0,2,0,2,2,3,0,1,1,0,2,1,1,1,1,1,9,11,3,13,28,1,14,45,0,1,0,1,6,48,74
2,6,4,6,2,2,1,3,0,6,0,3,0,0,4,2,0,2,3,1,11,15,0,11,31,1,19,58,0,3,0,1,8,61,2
0,4,2,4,0,2,1,3,0,4,2,0,1,0,3,1,1,2,1,3,14,21,3,12,35,0,16,55,0,2,0,1,8,60,1
1,7,6,6,2,1,0,0,0,6,0,0,1,0,4,1,1,0,1,0,9,11,1,12,28,1,19,52,0,3,0,1,6,54,79
1,6,8,6,2,2,0,3,0,5,2,0,1,0,3,0,1,0,1,0,10,15,0,10,28,2,15,48,0,0,0,1,6,52,77
0,5,0,5,2,2,3,3,0,4,0,1,1,0,2,0,0,0,1,2,6,6,0,11,22,1,13,39,0,0,0,1,6,40,66
2,5,5,3,3,1,0,2,5,2,1,3,3,7,0,2,3,3,1,1,10,13,3,10,26,1,5,27,2,1,3,0,0,21,48
2,6,0,5,1,1,0,1,0,6,2,2,1,0,4,1,0,2,1,1,12,17,0,10,31,0,15,50,1,3,0,1,9,58,82
0,6,7,2,2,0,0,0,1,2,0,0,3,2,1,0,0,0,1,1,9,11,0,9,22,1,10,33,0,2,0,0,0,26,53
0,7,4,7,0,0,0,2,0,6,3,1,3,0,4,2,1,3,1,0,13,19,0,10,32,0,16,52,2,3,0,1,7,56,81
0,4,1,3,3,0,0,1,4,2,0,0,2,0,2,1,3,3,3,0,9,11,1,9,22,0,13,37,2,1,0,1,7,42,68
1,4,0,4,3,1,3,3,0,4,2,2,2,0,3,2,0,2,1,0,9,11,0,12,27,0,17,50,1,2,0,1,10,59,83
0,6,2,6,3,2,2,2,1,5,0,0,3,1,4,0,0,1,0,0,11,16,1,11,31,1,22,61,2,0,0,1,12,73,13
0,3,0,3,3,1,0,2,0,3,1,1,1,0,3,1,1,0,1,3,10,14,0,9,25,1,16,46,2,2,0,1,5,48,74
1,4,1,4,3,1,3,3,6,4,3,3,0,0,3,1,0,0,1,1,11,17,0,8,26,3,19,50,2,1,0,1,8,56,80
2,5,7,0,2,1,0,0,1,0,3,3,0,0,0,1,1,2,0,2,2,0,0,0,0,0,1,0,1,0,0,0,5,4,62
2,5,8,4,0,1,1,0,2,5,1,2,2,0,3,0,3,1,0,0,8,9,1,10,21,0,15,41,0,0,0,1,11,52,77
1,6,8,6,3,0,1,0,3,4,3,3,1,2,3,2,1,3,1,1,12,15,1,9,26,0,13,42,2,3,2,1,9,51,77
1,4,7,1,2,2,1,3,2,1,3,3,0,2,1,1,1,3,3,0,5,4,1,7,11,3,12,24,2,2,0,0,0,16,44
2,7,6,7,3,2,1,3,7,1,0,2,0,8,1,1,1,3,3,0,10,14,1,6,20,0,8,27,0,3,3,0,3,27,54
0,6,2,6,3,0,3,1,4,6,0,0,2,0,4,0,0,0,1,0,9,12,0,13,32,0,16,52,2,2,0,1,9,61,2
2,5,8,4,2,0,1,0,0,4,1,3,0,0,3,0,3,1,3,1,10,13,0,8,22,1,17,47,1,1,0,1,8,54,79
1,6,8,6,2,2,0,3,0,6,3,3,1,0,4,0,1,1,3,0,9,11,0,8,22,1,21,53,1,3,0,1,10,63,3
2,7,3,5,0,0,0,1,6,4,1,3,2,0,3,2,0,2,1,1,14,21,0,10,34,0,16,54,0,2,0,1,10,62,2
2,6,5,5,1,0,0,1,4,5,1,2,2,0,4,1,1,3,1,0,10,14,0,8,24,3,22,56,2,1,0,1,6,57,81
0,3,2,3,2,2,0,3,0,2,1,0,0,0,2,1,0,1,1,2,7,9,1,7,16,0,14,34,2,0,0,1,6,37,64
1,6,8,5,1,2,0,3,0,5,1,2,3,0,3,2,1,3,1,1,14,20,1,12,36,0,18,58,0,2,0,1,7,60,1
2,4,2,4,1,2,1,3,0,4,0,2,1,0,2,1,0,0,0,0,8,10,1,11,24,0,16,44,2,3,0,1,9,51,77
0,6,8,5,0,0,0,1,4,5,1,1,2,0,4,1,1,2,0,1,12,17,0,10,28,1,19,55,2,0,0,1,9,62,3
0,6,2,6,1,2,1,2,0,6,0,0,1,0,4,2,0,3,0,1,12,18,0,10,30,0,17,54,2,0,0,1,8,58,82
1,6,0,5,1,1,0,1,0,5,0,3,2,0,4,0,1,0,0,0,11,15,1,11,30,3,23,64,0,3,0,1,9,68,8
1,4,7,0,3,1,0,2,3,0,0,0,3,3,0,0,3,1,1,0,0,0,0,0,0,2,1,0,2,2,1,0,0,0,0
1,5,0,5,1,0,3,1,0,5,3,3,3,0,4,1,0,2,1,1,10,15,1,10,25,1,21,55,0,2,0,1,11,65,5
0,4,6,4,3,0,0,2,8,4,0,0,3,6,3,1,0,1,0,0,10,14,0,9,24,1,18,49,0,2,0,1,8,55,80
2,4,8,4,1,1,0,0,0,4,3,3,0,0,3,1,1,3,0,2,8,11,1,10,23,1,16,44,1,3,0,1,12,55,79
0,5,6,5,3,1,2,2,8,5,0,1,3,8,3,2,1,3,3,0,12,18,0,9,29,1,20,57,0,2,0,1,7,61,1
0,6,5,3,1,0,0,0,2,2,0,0,1,0,2,2,1,2,0,0,10,13,1,9,24,0,14,42,2,2,0,1,10,51,77
0,6,7,0,0,2,0,2,2,0,3,1,0,0,0,2,1,3,0,2,0,0,1,2,0,2,0,0,2,2,0,0,0,0,0
2,6,7,0,2,2,0,2,4,0,0,2,0,0,0,1,0,3,1,2,0,0,0,2,0,0,0,0,2,0,0,0,0,0,0
0,4,7,1,0,0,0,2,8,1,2,0,1,0,1,2,0,2,1,1,7,10,1,8,20,3,12,36,2,3,0,1,11,48,74
2,6,5,4,3,0,3,1,7,2,2,2,3,5,1,2,0,2,3,0,10,15,0,8,24,1,13,39,0,2,1,0,5,40,66
2,5,3,4,0,1,0,1,4,4,0,2,3,4,3,2,0,3,0,2,6,7,1,10,19,0,19,46,2,1,1,1,11,57,82
1,6,3,6,0,2,0,2,1,6,0,3,3,2,4,1,1,3,1,0,11,14,0,8,21,0,15,39,0,3,6,1,8,46,71
2,5,1,5,2,2,0,2,0,5,0,3,2,0,4,1,0,3,1,1,11,14,0,8,23,0,20,52,0,1,0,1,7,55,80
2,3,8,3,3,0,2,0,6,3,0,2,0,0,2,2,3,3,0,0,9,12,0,7,19,0,10,31,2,2,0,0,0,25,52
1,4,2,4,3,1,0,3,6,3,1,2,3,6,2,0,0,1,3,0,10,14,0,9,26,0,16,47,0,2,0,1,10,58,82
0,6,8,6,3,2,0,3,3,6,3,1,0,6,4,1,1,0,3,0,10,13,0,10,26,0,15,47,0,1,0,1,8,53,78
2,6,5,4,3,1,3,1,7,2,1,3,0,8,1,1,3,1,0,0,11,15,0,7,20,1,7,26,1,0,0,0,3,24,50
1,6,7,2,2,0,0,1,4,2,0,2,1,0,1,2,0,2,0,3,10,13,1,8,23,0,11,34,2,0,0,0,5,34,60
1,3,8,3,0,1,0,0,0,3,1,1,2,0,2,2,0,2,0,2,7,8,0,7,16,0,17,38,2,3,0,1,8,42,68
1,5,5,3,0,2,0,2,2,3,1,2,1,0,2,0,1,1,0,0,9,13,3,13,32,1,13,46,2,2,0,1,9,55,80
2,4,5,3,1,0,0,0,2,3,1,2,2,0,2,1,1,2,1,1,12,19,1,10,30,0,13,44,2,2,0,1,6,46,71
0,7,3,7,2,1,0,3,2,7,0,2,2,0,4,1,1,3,1,0,11,15,0,10,28,1,16,47,2,2,0,1,6,48,74
1,3,3,2,0,0,2,0,4,2,0,2,3,6,2,2,0,2,1,0,7,8,1,9,19,0,16,40,0,3,2,1,9,48,74
0,6,0,6,3,0,1,1,0,5,1,1,1,0,3,2,1,3,1,0,9,11,0,10,23,0,16,45,2,2,0,1,9,51,76
0,3,7,1,2,0,0,0,1,1,1,0,0,0,1,1,1,2,0,0,5,5,1,8,16,0,10,29,2,0,0,0,1,23,50
1,6,8,5,3,0,0,1,5,3,0,2,3,6,2,2,3,3,1,0,11,17,1,11,32,0,10,41,2,0,4,1,8,46,71
1,6,3,5,0,0,1,2,2,4,0,3,2,0,3,2,1,3,0,1,12,17,1,12,34,0,15,53,1,3,0,1,14,69,9
1,7,7,1,2,2,0,2,4,1,0,3,1,2,1,0,1,0,1,0,5,5,3,8,15,1,10,26,2,0,0,0,1,22,48
0,6,8,5,1,0,3,1,4,5,1,2,3,4,3,0,1,1,0,1,12,17,0,10,29,0,16,50,0,0,0,1,9,56,80
1,6,4,6,2,0,0,0,0,5,0,3,3,1,4,1,1,1,1,0,11,16,1,13,34,0,15,53,2,3,2,1,9,62,3
2,4,6,3,2,2,0,3,0,2,0,3,0,0,1,1,3,3,3,0,10,13,0,7,21,1,8,27,2,2,0,0,1,23,49
2,3,0,3,3,0,0,0,0,3,1,2,0,0,2,1,3,1,1,1,11,13,3,12,29,0,13,46,0,2,0,1,8,51,76
2,4,6,3,2,2,0,3,0,2,1,3,3,0,2,1,0,1,1,1,10,13,1,7,22,1,17,45,0,2,0,1,10,53,78
0,6,4,6,3,1,1,3,4,6,0,1,2,0,4,1,0,2,1,2,8,10,0,12,27,3,20,56,0,2,0,1,9,63,4
0,6,1,6,2,1,0,0,0,6,3,3,0,0,5,2,1,3,1,2,7,8,0,10,21,0,19,47,2,1,0,1,6,48,74
2,4,6,4,1,2,0,2,0,4,2,2,1,0,3,1,1,3,3,0,11,15,1,13,32,2,13,46,0,0,0,1,9,54,79
2,6,2,7,1,0,0,0,0,7,1,2,2,0,5,1,3,2,1,2,9,11,1,11,23,0,16,45,0,1,0,2,13,61,2
2,4,4,4,2,1,1,3,0,4,1,2,0,0,2,1,1,0,0,2,7,7,1,12,25,0,14,42,0,3,0,1,9,48,74
0,7,0,7,2,1,0,2,0,7,1,1,2,0,4,1,0,2,1,1,12,17,1,13,33,1,22,62,0,0,0,1,6,60,1
0,6,8,6,0,1,0,0,1,6,0,0,2,0,3,0,1,1,3,0,10,13,1,14,34,0,16,53,2,3,0,1,8,58,82
2,4,3,3,0,0,0,1,2,3,2,2,1,0,3,0,1,0,1,1,11,16,1,11,32,1,19,57,0,3,0,1,8,61,2
0,6,5,3,0,0,0,0,6,2,1,0,1,0,1,0,3,1,1,0,8,10,3,9,20,1,11,33,0,2,0,0,0,25,52
2,6,4,6,0,0,1,0,0,5,1,3,2,0,3,2,1,3,3,2,8,10,0,10,22,1,17,46,0,0,0,1,6,48,74
1,4,3,4,1,2,0,2,0,4,1,0,2,0,3,0,3,1,3,0,10,15,1,9,24,1,15,42,2,2,0,1,9,48,74
0,6,4,6,2,2,2,2,0,6,1,0,2,0,4,0,1,3,0,0,10,14,1,11,28,0,20,56,1,3,0,1,12,69,9
1,7,2,7,0,1,3,3,0,6,0,3,1,0,5,2,3,3,1,2,8,8,0,9,20,1,22,50,0,1,0,1,9,58,82
1,5,2,5,1,2,0,2,0,6,1,3,0,0,5,0,1,1,0,1,11,14,0,9,25,1,19,52,0,3,0,2,12,63,4
1,5,6,6,3,2,0,3,3,5,1,3,3,7,1,0,0,0,1,2,7,8,0,9,20,1,7,27,1,1,4,0,4,27,54
1,5,3,5,0,1,0,2,2,5,0,3,3,3,3,1,1,0,1,0,8,10,3,16,33,0,18,57,2,0,1,1,6,58,82
0,6,8,6,1,2,0,2,0,6,1,2,0,0,4,1,0,3,3,0,11,15,0,9,26,0,16,47,0,3,1,1,11,55,80
2,6,0,6,2,0,1,2,0,6,2,2,2,0,4,1,3,3,1,0,9,12,0,9,23,1,16,46,2,1,0,1,6,50,75
1,4,1,4,2,1,3,3,0,4,1,3,2,0,3,2,1,3,1,0,9,11,0,10,23,0,16,43,0,1,0,1,8,49,74
0,4,0,3,1,1,0,1,0,3,0,1,3,0,2,2,1,2,3,3,9,12,0,8,20,0,14,39,2,1,0,1,5,39,65
2,4,8,4,0,1,0,3,4,5,0,3,3,4,3,1,0,3,3,3,11,14,1,14,33,0,18,57,1,1,0,1,6,57,82
2,6,6,6,0,0,1,1,2,6,2,2,2,0,4,2,1,2,0,0,10,14,0,11,28,0,18,52,0,2,0,1,9,59,83
1,5,0,6,3,1,0,3,1,6,0,3,2,0,4,2,1,2,1,0,8,9,1,13,26,1,20,55,2,3,0,1,7,58,83
2,6,3,5,3,0,0,2,3,4,0,3,2,1,2,2,1,2,1,1,12,18,0,8,26,0,13,43,2,1,0,1,10,54,79
2,3,7,1,2,1,0,0,1,1,0,2,1,0,0,2,1,3,0,1,6,6,0,6,11,1,0,5,0,0,0,0,5,9,22
1,5,3,4,3,1,1,0,3,3,1,1,3,5,1,2,3,3,1,1,11,16,0,7,22,2,8,29,2,2,2,0,0,23,50
0,6,7,2,0,2,2,2,6,2,1,1,2,0,1,0,1,1,3,2,5,4,3,10,17,2,6,20,2,1,0,0,0,15,43
0,6,2,6,2,0,0,1,0,6,1,1,1,0,4,1,1,3,1,0,11,16,0,10,28,1,18,53,2,0,0,1,6,56,80
2,4,8,4,0,2,0,2,1,4,3,3,0,0,3,2,1,3,3,0,8,10,0,10,24,0,18,48,0,0,0,1,9,55,79
2,3,3,3,0,1,0,2,4,3,3,3,0,1,2,2,1,2,0,0,8,10,0,9,20,0,15,39,0,0,0,1,9,48,74
2,4,8,4,2,1,0,3,2,4,0,3,0,0,3,1,3,3,1,0,11,16,1,13,34,0,17,57,0,3,0,1,7,60,1
1,7,0,7,3,0,3,1,0,6,0,3,0,0,5,1,3,1,1,0,10,14,1,14,34,1,19,59,2,3,0,2,11,69,9
0,4,2,4,1,1,0,1,0,4,3,3,2,0,3,1,1,0,1,0,9,12,1,9,22,1,19,49,0,2,0,1,12,61,2
0,7,8,7,3,2,1,2,5,5,3,1,0,6,4,1,1,0,0,0,10,14,1,10,26,1,20,56,2,3,4,1,10,65,5
1,5,6,6,1,1,1,0,0,6,1,3,0,0,4,1,1,2,1,3,14,19,1,13,36,0,19,63,1,1,0,1,9,69,8
1,5,7,1,0,0,0,0,3,0,0,1,0,2,0,2,3,3,1,1,6,8,1,0,4,1,0,0,1,1,0,0,6,6,84
1,4,0,4,2,0,0,1,0,3,0,0,2,0,2,2,0,2,3,2,6,7,1,11,21,3,15,42,0,3,0,1,11,55,80
2,5,6,5,2,2,0,3,0,5,0,2,1,0,4,2,1,2,1,1,11,15,1,11,29,1,18,54,1,0,0,1,8,59,83
1,6,0,6,2,1,0,1,0,6,2,2,1,0,4,0,1,0,0,1,15,21,1,15,42,0,19,67,2,2,0,1,9,73,13
2,6,5,3,0,2,0,2,6,3,0,2,1,0,2,0,0,1,1,1,11,14,0,8,22,0,14,41,2,3,0,1,9,50,76
1,6,3,5,3,2,0,3,5,4,3,3,1,6,3,2,0,2,0,1,10,13,0,9,24,0,14,42,2,0,0,1,7,46,71
1,6,1,6,3,0,3,0,0,5,0,3,1,0,4,1,0,1,3,1,10,13,1,11,27,1,20,55,0,0,0,1,9,61,2
2,4,8,4,1,2,0,2,2,4,0,3,2,0,3,1,1,3,1,0,9,11,1,10,24,1,17,49,2,2,0,1,10,57,82
1,7,0,7,0,0,0,2,0,6,1,2,3,0,4,1,1,2,3,2,7,8,1,13,25,3,19,49,2,2,0,1,6,51,76
1,6,6,6,2,0,3,1,0,5,3,3,2,0,4,1,0,3,0,2,8,10,3,14,31,0,19,57,0,0,0,1,7,60,1
2,6,5,3,1,0,0,0,2,3,3,3,0,0,2,1,0,2,1,1,9,10,1,8,19,1,15,37,2,3,0,1,8,44,70
2,7,0,7,2,0,0,0,0,7,0,3,1,0,5,2,1,3,0,0,9,12,2,9,24,1,18,48,2,2,0,2,13,63,3
1,6,5,5,0,1,3,1,4,5,0,0,0,0,4,1,1,3,0,1,11,15,0,9,26,0,18,50,2,2,0,1,9,58,83
1,5,5,3,1,0,0,0,2,3,1,0,3,2,3,0,1,1,3,1,9,13,0,8,22,0,13,38,2,0,0,1,10,48,74
1,3,3,3,3,2,3,3,3,2,1,0,3,4,2,2,0,2,1,1,8,10,0,7,18,0,14,35,2,0,0,1,7,38,64
1,6,0,6,0,1,2,0,0,6,0,0,3,0,4,1,1,2,3,1,15,23,3,14,43,0,18,66,2,3,0,1,7,66,6
0,7,8,6,0,2,0,3,1,6,0,1,3,4,4,2,0,3,0,1,12,16,0,9,28,3,20,57,2,0,0,1,11,65,5
1,6,3,4,1,0,0,1,1,4,1,2,3,1,3,0,1,1,1,2,8,10,0,7,17,1,18,40,1,3,6,1,10,50,76
1,7,1,7,3,0,0,0,0,7,2,3,2,0,5,1,3,1,1,1,13,19,0,11,32,0,15,48,0,0,0,2,12,61,2
2,7,8,6,2,1,0,2,1,6,3,3,0,0,4,2,1,3,0,0,10,14,2,6,19,0,18,43,2,3,0,1,8,48,74
0,3,0,3,2,1,1,0,0,3,2,0,1,0,2,1,0,1,3,3,11,15,0,9,26,1,15,44,1,0,0,1,11,57,82
2,4,8,4,3,2,0,3,8,4,0,3,3,8,3,2,0,3,3,1,12,17,1,11,31,1,20,56,2,1,1,1,10,64,5
2,5,2,5,2,1,0,3,0,4,1,2,2,0,2,0,1,0,1,2,6,5,0,9,16,1,14,34,2,3,0,1,10,45,70
0,6,0,5,0,0,0,3,0,6,1,2,2,0,4,1,1,0,1,1,12,17,1,11,30,0,19,56,0,0,0,2,13,69,9
1,6,6,6,0,0,1,1,4,7,1,0,0,0,4,0,0,1,0,0,9,12,3,17,37,2,15,58,0,1,0,1,12,71,12
1,3,8,3,0,0,1,1,2,3,0,1,1,0,2,1,3,3,0,3,11,15,0,8,23,0,12,39,2,2,0,1,9,46,71
2,4,8,4,3,1,2,2,3,2,3,3,3,5,1,2,0,2,3,3,13,19,0,6,26,0,11,39,1,3,7,0,1,33,59
0,3,2,3,1,1,0,3,0,2,0,0,3,0,1,0,1,1,3,1,10,13,1,9,25,1,11,37,2,3,0,0,1,31,58
2,4,8,4,3,2,0,2,3,2,1,3,1,2,2,0,0,1,0,3,11,15,1,8,23,0,12,39,0,0,0,1,10,50,76
1,4,6,4,0,0,0,1,1,4,3,3,2,0,2,0,3,1,3,3,12,18,1,10,31,0,14,46,0,2,0,1,8,49,74
0,4,6,5,1,0,3,1,0,5,0,0,1,0,4,0,1,3,1,2,6,6,1,13,25,0,18,50,2,3,0,1,11,62,2
2,4,7,2,3,1,3,3,7,0,1,3,1,8,0,2,1,2,3,0,6,6,1,0,2,1,1,0,0,0,1,0,0,0,0
2,6,1,6,2,2,0,2,0,5,1,3,3,0,3,1,1,3,0,0,12,18,1,12,34,0,13,48,2,3,0,1,10,58,82
2,6,5,4,1,2,0,2,1,4,0,2,1,0,3,2,1,3,3,1,12,18,0,10,28,1,16,50,0,0,0,1,9,55,79
2,5,4,5,3,1,1,3,4,6,1,2,2,0,3,0,0,0,1,1,10,14,1,11,28,0,14,45,2,3,0,1,9,50,76
0,7,4,7,1,1,0,0,0,7,0,2,1,0,5,2,1,3,1,1,11,14,0,9,25,0,20,53,0,0,0,1,11,65,6
2,6,5,4,1,2,3,3,6,3,2,2,3,6,2,2,1,2,0,0,7,9,0,9,22,1,16,44,0,0,0,1,11,56,80
1,5,1,4,2,2,0,2,0,4,1,2,0,0,3,2,1,3,3,0,10,14,3,12,30,0,14,48,2,2,0,1,7,50,76
2,6,1,5,3,1,0,3,6,5,0,2,3,6,3,1,0,1,1,1,14,21,3,12,37,2,17,60,2,0,1,1,6,61,2
0,5,4,4,2,2,0,2,0,4,1,1,3,0,3,1,0,3,1,1,13,18,1,10,29,0,18,53,2,1,0,1,7,57,81
1,6,7,3,0,0,0,0,6,3,3,1,0,0,2,0,1,1,0,0,8,11,1,9,21,1,14,39,1,2,0,0,6,42,68
0,5,3,4,3,1,2,2,3,3,1,0,2,0,2,1,0,0,3,0,11,15,0,8,23,1,12,37,2,3,0,1,5,39,65
2,3,8,3,0,1,0,3,4,3,2,2,2,0,2,0,1,1,1,1,9,12,0,10,23,1,13,40,0,1,0,1,10,50,76
2,3,4,3,1,1,0,3,0,3,1,3,1,0,2,2,1,2,0,0,8,10,0,8,21,1,15,42,2,3,0,1,10,51,76
2,5,4,4,1,1,0,1,0,3,2,2,2,0,2,1,0,2,1,1,11,16,1,12,32,0,15,50,2,1,0,1,6,51,76
2,7,7,2,0,0,0,0,5,1,1,2,3,3,1,2,3,3,3,1,9,11,0,5,16,0,11,29,2,0,4,0,0,24,52
2,6,6,5,3,1,0,0,2,5,1,3,3,4,4,0,1,1,0,0,11,15,1,14,36,0,17,58,0,2,0,1,11,69,9
2,5,0,5,3,1,3,3,1,5,1,2,1,0,4,0,0,0,3,2,6,7,1,13,24,1,19,51,1,3,0,2,14,67,7
1,6,8,6,3,0,3,1,7,0,3,1,0,4,0,1,1,0,1,0,8,9,0,0,6,0,0,2,0,0,0,0,0,0,0
0,6,2,6,3,2,0,3,8,6,2,2,2,0,4,2,0,3,0,1,11,15,1,12,32,1,22,62,2,0,0,1,7,64,4
1,3,0,3,3,2,0,2,0,3,0,2,1,0,2,2,3,3,0,0,8,10,3,11,22,1,15,41,2,1,0,1,9,49,75
1,6,6,5,1,2,2,2,0,4,0,1,1,0,3,0,0,0,0,3,15,24,1,11,37,2,12,49,0,0,0,1,7,54,79
2,4,6,5,1,0,3,1,0,6,1,2,1,0,3,0,0,0,1,0,8,9,1,10,23,1,20,50,0,3,0,1,7,53,78
1,7,3,6,0,1,0,0,0,5,0,0,3,0,3,1,3,1,1,1,12,17,0,9,28,3,18,52,2,2,0,1,8,57,81
2,6,4,6,2,0,3,1,0,7,0,2,3,0,4,1,0,2,1,0,9,12,0,8,20,1,23,53,2,0,0,1,10,60,1
1,5,6,4,0,2,0,2,1,4,2,2,2,0,3,1,1,2,1,1,10,13,0,9,23,1,19,49,0,3,0,1,7,52,77
1,6,4,6,1,1,0,2,0,6,2,2,0,0,4,2,3,3,0,0,11,15,1,11,30,2,14,48,0,0,0,1,6,51,76
2,5,1,5,1,1,0,2,0,4,1,3,0,0,3,0,3,0,3,0,8,10,1,9,21,0,13,37,0,2,0,1,11,49,75
0,3,4,3,1,0,1,1,1,3,0,1,1,0,2,2,1,3,3,0,8,10,1,10,23,0,12,37,0,0,0,1,6,41,66
2,5,5,4,2,1,0,1,1,4,2,2,2,0,2,0,0,1,0,1,14,19,1,12,35,0,16,55,0,3,0,0,0,47,72
1,5,5,4,0,0,2,2,2,5,0,3,3,6,4,2,1,2,1,1,10,13,0,8,23,0,18,49,0,2,0,1,10,56,81
1,3,1,2,3,0,3,1,6,2,2,2,0,2,1,2,1,3,0,0,6,8,0,9,20,0,5,23,1,2,0,0,0,17,44
0,4,3,3,2,1,2,2,1,3,2,0,1,0,2,2,3,3,1,0,7,7,1,12,24,0,14,43,0,1,0,1,10,51,77
0,5,1,5,1,0,0,1,0,5,3,1,1,0,3,1,1,3,1,3,12,19,1,10,31,0,16,52,0,3,1,1,10,61,1
2,6,2,6,1,0,2,0,0,5,2,2,0,0,4,1,0,0,3,0,10,14,0,11,28,0,21,58,2,3,0,1,5,57,81
2,4,3,3,2,1,0,2,1,2,0,2,1,0,1,2,1,3,1,2,7,9,0,6,14,1,8,24,0,2,0,0,0,19,46
2,6,8,5,3,0,3,1,3,4,0,3,3,7,1,0,0,1,1,0,8,9,1,10,21,1,8,29,2,1,2,0,0,23,49
2,4,2,4,0,0,0,0,0,4,1,3,3,0,3,1,1,1,1,2,8,10,3,13,28,0,16,48,0,1,0,1,11,59,83
2,6,3,6,3,0,0,2,5,3,3,3,2,6,2,0,0,1,1,0,11,15,0,8,26,1,15,44,2,3,8,1,7,48,74
1,7,4,7,3,0,0,1,6,7,3,1,3,5,3,0,1,0,0,1,15,21,0,11,34,2,14,51,2,3,3,1,5,50,75
0,4,0,3,1,0,0,0,0,2,3,1,2,0,1,1,1,2,1,2,7,7,0,6,13,0,12,29,2,1,0,0,4,28,55
2,6,2,7,3,2,0,3,4,7,3,3,2,0,4,2,1,3,1,1,11,17,1,11,31,1,17,53,2,2,0,1,8,58,82
0,6,7,0,2,2,2,2,1,0,1,1,2,0,0,0,1,0,0,0,0,0,0,0,0,0,5,3,2,1,0,0,0,0,0
1,5,4,6,1,0,3,1,0,6,0,3,0,0,4,1,1,1,3,1,10,13,1,14,33,0,16,52,2,1,0,2,11,63,4
2,4,2,4,2,0,3,3,0,5,0,2,0,0,3,1,1,1,1,0,8,12,3,15,33,0,18,57,0,2,0,1,7,58,82
2,6,6,5,2,1,2,2,0,5,1,3,0,0,4,1,1,3,1,0,9,12,1,11,27,1,20,56,1,1,0,1,12,70,9
1,5,5,4,3,2,2,2,3,3,0,2,3,3,2,0,3,1,0,0,9,12,0,9,22,0,12,36,2,3,7,0,1,31,57
2,4,5,3,3,2,0,2,5,2,3,3,2,2,2,1,1,0,1,0,10,12,0,8,19,0,15,40,0,0,0,1,10,49,75
0,5,2,4,1,0,1,3,0,4,0,0,3,0,2,1,1,3,3,0,10,14,1,11,29,1,13,45,0,3,2,1,8,52,78
2,5,2,5,1,0,2,0,0,5,1,3,2,0,4,0,1,1,1,0,10,13,0,8,22,0,20,49,2,0,0,1,11,59,83
2,4,0,4,3,0,0,1,1,4,0,2,3,1,3,2,0,2,1,0,8,11,1,13,28,0,15,47,2,1,0,1,10,56,80
2,6,5,4,0,2,0,2,6,3,2,2,0,0,2,1,0,2,1,0,10,13,1,10,28,2,12,42,2,1,0,1,8,48,74
0,4,1,5,2,0,0,0,0,4,3,3,0,0,3,1,0,2,1,1,11,14,0,9,24,1,15,44,2,1,0,1,6,48,74
1,4,4,4,2,0,0,2,0,4,0,2,0,0,3,2,1,2,1,3,14,22,3,11,36,1,18,60,0,0,0,1,12,71,10
2,3,3,3,0,2,0,2,2,3,1,3,0,0,2,2,0,3,1,0,9,12,1,9,25,0,13,40,2,3,0,1,9,46,71
2,6,3,5,3,2,2,2,3,5,0,3,3,3,2,2,0,2,1,0,10,14,1,11,28,0,13,45,0,3,3,1,12,55,80
0,6,1,7,0,0,1,0,0,7,0,0,3,0,4,1,1,2,1,1,13,19,1,14,38,0,16,57,0,1,0,1,9,64,4
1,6,1,6,0,1,0,2,0,5,2,0,1,0,3,2,1,2,0,3,15,24,0,12,40,2,15,58,2,1,0,1,7,62,3
2,6,4,6,0,2,0,3,0,6,3,3,0,0,5,0,1,0,1,1,11,14,0,10,26,0,17,50,0,3,0,1,10,59,83
1,7,8,6,1,2,0,3,1,6,1,1,3,2,4,1,0,0,3,0,10,13,0,10,26,1,21,56,0,0,0,1,8,63,4
0,3,3,2,3,0,0,3,7,1,2,0,1,1,1,2,3,3,1,0,7,7,0,6,12,0,8,22,0,0,0,0,3,21,48
2,5,6,4,3,1,1,3,3,3,0,2,1,0,2,1,1,3,0,1,10,13,1,10,25,1,13,41,0,0,0,1,11,54,79
1,6,8,6,3,1,3,1,3,5,1,2,0,1,3,1,1,2,0,0,10,13,3,13,31,2,14,46,0,0,0,1,9,54,79
1,6,6,5,1,1,0,0,0,5,0,3,2,0,3,0,1,0,0,1,12,18,3,16,41,1,17,63,0,3,0,1,7,67,7
0,6,8,5,0,0,0,0,0,5,0,0,2,0,4,1,1,2,3,2,8,10,3,15,31,0,18,54,2,2,0,1,10,62,3
2,6,7,2,0,0,0,1,3,1,0,2,3,3,1,0,1,1,1,0,8,11,1,6,18,0,9,26,1,2,6,0,0,19,46
2,4,1,5,1,2,0,2,0,5,1,3,2,0,3,1,1,2,3,0,10,13,0,8,22,1,18,49,0,1,0,1,10,58,83
2,4,2,4,0,1,3,1,0,4,0,2,3,0,3,1,1,3,0,0,7,8,1,10,22,0,14,41,2,2,0,1,8,48,74
0,6,8,6,2,2,0,3,0,5,2,0,2,0,3,2,1,3,3,1,13,20,0,8,27,1,18,50,2,2,0,1,7,52,77
1,3,1,3,2,2,0,3,0,3,0,2,0,0,2,2,1,2,0,2,6,6,0,8,15,0,13,32,0,3,0,1,11,43,69
2,6,2,5,0,1,0,3,0,5,1,3,3,0,3,1,1,0,1,0,10,14,0,8,24,1,19,51,1,2,0,1,9,58,82
1,4,0,4,3,0,0,1,0,4,2,2,3,0,3,0,3,1,0,0,9,12,1,13,28,3,18,55,0,1,0,1,10,63,3
0,5,6,5,3,0,0,1,3,4,0,0,2,2,3,0,0,0,0,1,12,18,1,12,34,1,19,58,1,1,0,1,10,65,5
2,7,6,6,1,0,0,0,0,5,1,3,0,0,3,2,0,3,3,0,12,17,1,11,30,1,16,51,0,0,0,1,9,58,83
1,5,7,0,0,2,0,2,4,0,1,0,1,1,0,2,0,3,1,0,0,0,0,0,0,0,3,1,0,3,4,0,0,0,0
0,5,6,5,1,2,0,3,0,4,0,0,3,0,3,0,3,1,1,0,9,11,1,12,27,0,13,42,0,3,0,1,10,53,78
0,6,5,3,2,1,0,0,0,3,3,1,1,0,3,1,0,3,1,1,11,15,1,8,23,0,16,45,0,1,0,1,7,49,75
0,5,3,4,1,1,3,3,4,4,2,0,2,0,2,0,1,1,0,2,7,7,0,10,20,0,13,37,2,0,0,0,0,28,55
1,6,3,4,2,0,0,0,2,4,0,2,3,6,3,0,1,1,0,0,10,13,2,8,22,0,16,44,0,0,2,1,7,48,74
2,6,1,6,2,0,0,0,0,5,1,2,3,0,4,1,1,2,1,2,9,12,0,8,19,3,22,51,1,0,0,1,7,55,80
1,3,3,2,3,1,2,2,3,2,2,0,3,5,1,2,0,2,0,0,7,10,0,8,20,1,8,28,2,3,8,0,0,21,48
1,4,7,2,2,2,0,3,3,2,2,2,0,0,1,2,1,3,3,0,7,10,0,8,20,0,11,32,1,0,0,0,3,28,55
0,6,5,3,0,2,0,3,6,3,1,1,3,6,2,0,1,1,1,0,11,15,0,10,27,0,12,42,0,1,0,1,10,50,75
1,5,3,4,1,2,0,2,2,4,0,1,2,0,3,0,0,1,3,0,10,15,0,8,24,1,20,53,1,3,0,1,10,62,2
1,7,7,3,2,0,0,1,2,3,0,2,0,0,2,1,0,0,1,1,10,13,1,9,23,0,14,42,2,2,0,1,7,47,72
1,6,3,5,1,0,1,0,2,5,1,0,2,0,4,2,0,2,1,1,11,16,1,11,31,1,20,60,1,3,0,1,11,71,12
2,6,1,5,2,2,0,2,0,4,3,3,3,2,3,2,3,3,1,1,11,16,2,7,24,1,19,49,2,2,0,1,6,51,76
1,6,7,2,3,1,0,1,7,1,0,3,3,7,0,0,3,1,0,1,8,10,0,4,13,1,4,16,1,1,3,0,0,9,33
2,5,3,4,3,2,0,2,6,4,3,3,2,1,3,2,3,3,3,0,10,14,0,8,23,0,15,43,0,3,4,1,10,51,77
0,4,2,4,0,2,1,3,1,4,2,0,3,1,2,0,3,1,0,0,10,14,0,9,26,0,11,41,0,2,0,1,10,49,75
